seller_id,seller_zip_code_prefix,seller_city,seller_state
77a7e8b75e70f65f9280c5aa8dd4595b,46082,sao paulo,SP
2138afe08d38bbd8fba6abf7cdbcc653,23431,salvador,BA
10d4de39161237c9e25df9a89ca8a5c4,12915,salvador,BA
b788f5d1ffe575f665edcfe34f2dad3f,31512,rio de janeiro,RJ
6929de738693fd9d7a89cbebb807d78a,13280,florianopolis,SC
932cae01d2c65ee468d0a2a8c4e7f7dd,50735,curitiba,PR
5128b9b1f8ede0ca20156a7212e153a6,71644,sao paulo,SP
7740d8317331874912fc7a87a4704d48,95098,recife,PE
20da897258321ee48471b4b0ae1b9f69,65042,curitiba,PR
8d2238e6c7bf4fbcd43cdd6de0c1ff1e,65686,porto alegre,RS
c48d56502e9522d696792482a3c988e4,38930,sao paulo,SP
80bbae526ec0126921084dd9f75d1e3c,90166,recife,PE
d4d607350e2f8958de431e06e9247069,95646,belo horizonte,MG
4ddb1b36272c058884a2576c1fc905f8,33953,florianopolis,SC
ef4afa885299e5052976aab22a26f770,55987,belo horizonte,MG
f28e41225894f7f139b86bb2b596ca7c,59878,porto alegre,RS
48b763d5e519dd7e84d67c4ff0df1684,74563,sao paulo,SP
3240d7a14027ab7d143029a9d88f1c94,84886,rio de janeiro,RJ
46426c458d03f17af4d375c1a29319fa,33087,porto alegre,RS
9d4b2bf94d85e9c7a0017720200b2903,92988,sao paulo,SP
a417c09380a8a23d17eaec838892042f,07175,recife,PE
94a53fdef10d27c89780c2152b2bb8e9,71010,salvador,BA
9fddde2ea8a2b7ad2bd3cdcd27794685,79504,florianopolis,SC
566e3cbe9aea622fe6e987cab87b6384,21926,belo horizonte,MG
0a8bb5b490494583ec86a890d7b00bdc,80131,florianopolis,SC
14cb056407437c3bdd20c3bfd342af08,62348,porto alegre,RS
c561b8dca4364fcdf2d3f7610ba36279,35438,florianopolis,SC
35f789bca6b0745843c07d4393a74792,74000,recife,PE
9e3c5a886aa56e6d92779574c4576cc3,74579,sao paulo,SP
e3954cb17f7f6c0a07c0d116a394ed54,89696,belo horizonte,MG
a45409374a27ebf28baaf744a08dd21b,98080,porto alegre,RS
3eb051817ba245884d560a3df4e7069a,14434,salvador,BA
67f5ae02af5b8f47ceae71cfce000af0,01851,recife,PE
b048faa112ae5c22741b77f54c24a053,40117,florianopolis,SC
6a662fce7089fc6d2877f5d90f5675f8,35993,salvador,BA
5716dc2e343ada2a76e5ae787bf7e1d3,85259,belo horizonte,MG
dc8a49225005680f24c778a59b4e164b,77622,recife,PE
fcef1972bbf483ce51beb80eb7e6a14c,42245,salvador,BA
66124ab4f9b21e6e586a346adc5be7d1,56392,salvador,BA
83d5bceb5edbb8eec2baf0e02179e3f0,70352,curitiba,PR
3de2885951b1943c1b2ededb8fc85fc0,98912,recife,PE
7318b96d447906121f5d988f776abf09,01851,porto alegre,RS
0cf477ef18c8a61624108e9a3f779cae,28460,porto alegre,RS
dd39d7936257a4a2f204be894a4b5563,33953,curitiba,PR
f67294643f8ea40a6b0ae0e39d896047,49520,curitiba,PR
d040158728e213bce6fdd7afdd84cacc,21379,porto alegre,RS
b89bdf7f93e34c35ef0a573d53d2d56d,84886,curitiba,PR
28caaa1dc35bec2c3098f7b2500e15c0,73512,curitiba,PR
7781321e83c501cbfef7d9ea7f8e5483,22174,porto alegre,RS
7f53a88e4efc8248e10b1a477faeb748,37434,recife,PE
64ab851bf1fac6e7170d750705eee1d4,51432,salvador,BA
3da06476f778c676750d112e8164ceec,92988,recife,PE
0c74dc0f5a57553995560a2d3713b466,71644,salvador,BA
98f6fd7f7eb162f14806f8040cf0374c,35438,curitiba,PR
ac2a4f71a77d95f1d7c4fe9ce1e0fffc,48447,curitiba,PR
0217ea0e896490ab4926ce5f78786140,19301,rio de janeiro,RJ
22498f666e51484d1b84edc3d8e049de,82959,florianopolis,SC
5da39a73ba3df7ff43b47ee5e1e89e7e,21033,florianopolis,SC
0b95017c5dae1201673ba8bdc38c1dec,37434,salvador,BA
8fd33afc91fdfa4f0d18ab95668c8477,85259,belo horizonte,MG
