order_id,payment_sequential,payment_type,payment_installments,payment_value
5804550b6c0c32f90dfabe46dbd3e865,1,credit_card,3,154.45
348f9ce0603bc183bd75f95ccea95510,1,credit_card,2,62.02
efa52c8a56a049431c687714e2901d96,1,credit_card,2,176.67
868592d25fb68406b6658a3452630028,1,credit_card,2,245.82
6d150b06561c9af39f021a1983239ba9,1,boleto,6,73.39
30cdf14946434f21d86f4bb4aefc6ef1,1,credit_card,3,34.85
7ff2e80a027a76dcbce0caeff17fa5c0,1,boleto,1,255.51
1ab444a72be26bd117deace84dfd3ecd,1,credit_card,2,200.42
798b2f02aa2fd9d1b5ad09f5d161a381,1,credit_card,1,63.38
a8b97820e92c5b92627967a3753439c0,1,boleto,3,50.78
bfeeb533acf59149b1c9d0dca38cc35f,1,credit_card,10,135.55
ad68fb4502deb2e6c37a927babe05b22,1,credit_card,3,243.41
0b44676d2ac39be9b958d1532afa5f6a,1,credit_card,1,221.26
693da46c37f39aace2ad828b113c9f25,1,boleto,10,309.28
b462931f966456be80e022c83b803c61,1,credit_card,1,196.73
8a1055c534b0738e3e04078257bd0ca8,1,credit_card,1,55.73
4d9802023fbc75e09b1911122d2ae08e,1,credit_card,1,557.06
7dcfe9245fcf5c22b9b03c1abaf9706d,1,credit_card,3,99.91
073bca43ad2a3a7cb4e10c33a1861de1,1,credit_card,10,64.91
16c068e8de922cf1ba47680feca04629,1,credit_card,1,184.13
2a873e02a2ed50b9de4cf8bc1bf43b9f,1,debit_card,10,72.48
50b281c0ffdba2ee57d3ec63e3e103bb,1,boleto,2,211.36
f521cf35a358c4d3fc76627b00cd11a8,1,boleto,10,601.45
ac4dcd33d51528af4d25298f164b85f0,1,credit_card,1,91.14
394b5d35df377ff855327432b118cad6,1,credit_card,2,156.2
93b0d27e61547769f43dd74050392a8c,1,credit_card,1,84.14
bf3f51d52557c82c488c6ea499f9a338,1,boleto,1,490.81
592aa87bfd853cf8793228b9ad8ac4bc,1,boleto,1,210.51
faf36aec1e0a71570d6ed01ef1efa963,1,boleto,10,113.42
b198047f4612d4247ac067a69297eaac,1,credit_card,3,73.74
ccee6b1c727dda848e023ef0015ce9f4,1,debit_card,1,30.2
9b2e18c05a24591dff2e1955fc6bc66b,1,credit_card,10,57.68
b261ad5ca214245cfecfdd7244f760a8,1,credit_card,6,97.45
ba73aa4e86c71c162cfcbb3f1f9deccd,1,boleto,1,60.56
f978d269a3a22f35b9b513c7eb1efddc,1,credit_card,2,97.84
6c8a30c1f2ca2002f650885202bce2e0,1,credit_card,1,325.75
919fa02ea194c7b1bcef40f800926d61,1,credit_card,1,80.17
89534e152ea37b78e466c9376da7c95b,1,credit_card,3,104.19
c7c432a0c3af3d93c0476d80532bd70a,1,credit_card,6,42.22
1d71f339c44842af47f8b6f13fdd0e2b,1,credit_card,10,332.53
38c6430f3b3ed7bdfae96dd3a2209a31,1,credit_card,1,68.45
c53d1af98d40aeb2aed690cc037f5347,1,credit_card,1,117.89
b62b9f628ced48ea6b0ffa793113b13a,1,credit_card,1,41.24
9b72a9fe669e098d63e73896c784ef4b,1,credit_card,6,87.21
f8e351ea9aebbc3ea1f7815758f34359,1,credit_card,2,95.28
c0bde748dbb464a3cec79642a13a9da2,1,boleto,1,111.13
232585b486daf596b96c2da019a8ec19,1,debit_card,1,165.0
1f81e0978b2a3730a0a2e9bd447809c0,1,credit_card,1,267.23
e4a35a102674d1ff6cdcd3beadef5777,1,voucher,1,27.42
e4a35a102674d1ff6cdcd3beadef5777,2,credit_card,2,63.98
5a44914362908017c47d336f2e8f2f7f,1,credit_card,1,216.64
2233212af5264ea279533cb78ef1a114,1,debit_card,10,194.37
d4c0df2891b5fcb40331bd0d13ba8d24,1,credit_card,10,66.65
fa59607b60a7ca57858117a1178926f3,1,credit_card,3,197.69
c1ab639802cf63a898dc4031363fbae9,1,credit_card,2,126.01
2672a20cc66a5821ceb7f2d6808eadf2,1,credit_card,1,58.86
91206a372703c75df540838e13331679,1,credit_card,6,242.34
db646a3368b666d666a3f3db496042b0,1,debit_card,1,79.04
77eee00f7743c1045953ff9017efd203,1,credit_card,10,203.13
67b2916c461ea8aa11baf6162448ef43,1,credit_card,1,340.73
1d15571c51001ab9dd42da677fdbabc1,1,credit_card,2,397.76
8d8142152d4900585f84e3c56daa8c7e,1,credit_card,10,96.34
32103c491d4ff1c8618e72a78d34dd83,1,boleto,2,183.46
6e15c527fe2a0cbc927ae04ef58b8c61,1,credit_card,3,114.86
97e1bc36c520d50fa0ff349802f4298f,1,boleto,2,60.5
e504d1c64312153d484f7f7c244f52f4,1,credit_card,1,130.82
05e5d46189344b060790eeb49b2a1376,1,credit_card,1,89.35
9569f8cb1a574cee64903d65f63d3295,1,credit_card,1,219.07
5b9525062f981e44ca782f586dec4b0d,1,credit_card,1,84.92
7fa797087e7279cecd7f65f60cb68029,1,credit_card,1,95.61
146b9fbc667cf7885887f3d2c0f1fa3a,1,credit_card,1,92.6
e2213776427ae4720d700c8bde36390a,1,credit_card,1,174.33
4bd600e6c425d02043892f66178029e9,1,credit_card,2,105.82
c7af75de33f92a87837261239ed7a652,1,credit_card,6,202.11
98139b312d389d1f6716d461307fc576,1,credit_card,1,62.28
2f615360182047f700cb9caabbdfb574,1,debit_card,10,31.97
fd8bb697ae1782f6913864740473b982,1,credit_card,3,68.31
07e95e6d7f71eef65b7117bd24421191,1,boleto,3,41.38
02223c10f82f2dc31c35730b49d52453,1,credit_card,1,107.08
b69415c7160452b7f424b79c27b0816b,1,credit_card,2,47.5
2ef17a908bbb8f3f760e36aaa0d980ba,1,voucher,1,27.56
2ef17a908bbb8f3f760e36aaa0d980ba,2,credit_card,5,64.32
67273710203d54c96485525ed858f464,1,credit_card,10,181.42
9fa870407c260521ce3ce7ce01a6c260,1,boleto,2,62.3
3d9d542aa84fa67fbe9e01a9d18c7fde,1,boleto,3,40.99
0255b13b46e32efc75566ff1b91ace28,1,credit_card,10,95.06
b2a0f8512121cc4f425ca2e38682d62f,1,credit_card,1,144.33
12a85ff7bffbbc83d8c8018409943e76,1,credit_card,3,158.82
917bc86668747b44c63e23bf5c0c309c,1,credit_card,3,109.58
b409b85563f2fc26405a8f9ed4018a45,1,credit_card,3,263.91
b3fdc2b89c291269e781c4cc9058e121,1,credit_card,6,63.45
7b6fb65b8d70600f04a1dd66bce88f22,1,credit_card,1,71.62
5983ce94506a8dd30b31324f485835db,1,credit_card,1,62.08
14150ad9479fea147c781b989f32fd3e,1,boleto,1,41.64
611b92ab34aababd397574330b5ed148,1,credit_card,1,163.37
4295f5c984d77929c4ddfe54917c4f11,1,credit_card,6,149.06
f74445960979140877689441024559a5,1,credit_card,6,82.65
db847c06d84d6427adaad2f90420521e,1,boleto,3,79.72
e9707c9e266a8b90ee28b2f44a76a0ea,1,credit_card,10,96.43
89f9c43e6b074c79bbe43aa78c58fff0,1,boleto,2,83.22
5cbf7ee6ea258d831391d18a8171d955,1,credit_card,3,181.1
b61d1f438df8dff9c3f86f2d436c9e18,1,credit_card,1,99.33
b33aa6b97a239f3cc1f6028b4a0efbe5,1,credit_card,2,133.81
f1eef895d06176b30abc36fc24a887a1,1,credit_card,1,64.01
31f436eacc8abd6989b4db808a32484a,1,credit_card,1,182.03
8349c078bc4b2732a170920c7416386b,1,credit_card,6,105.06
842ca512f369c68316b5cf7ae0389eb7,1,credit_card,10,68.77
e595e3fae18258d2f681db3f1cc41c62,1,boleto,3,126.05
42bd31c4660fdc406cd9dc3f7123bc96,1,credit_card,6,107.6
89238eb6d690efa92830affafc37337a,1,voucher,1,17.95
89238eb6d690efa92830affafc37337a,2,credit_card,5,41.88
d17bd6cc2195e07366979d0fa7c02a59,1,credit_card,6,194.42
7bbccb5d474f92058f9d737568054a24,1,credit_card,3,505.22
b062259e524a16520958b354268e81b4,1,credit_card,10,112.85
3286af002a8be2891f19297ebf86ad63,1,credit_card,2,96.96
ed55169f54867db3efaaf79135eb0106,1,credit_card,6,205.74
41374168ef2ecdc9673c984bc4596172,1,credit_card,6,60.72
dfe6b58979b8023d2a3189ba24b17e45,1,boleto,10,105.83
8ed2de161ec80917af7440014023539b,1,boleto,3,153.77
80b710a640f66fdeea7255845e6e187a,1,credit_card,6,82.22
b4a4cb8027379316b69b8391e4ee8f51,1,boleto,6,33.46
8166356cb04fbce932dcea5b9bc88efe,1,credit_card,10,66.75
bcf4ced1c17e3dc0bf5628b930eb0400,1,credit_card,3,68.11
58cfd9666f110436b3c28ec5fe66c4fa,1,credit_card,1,48.67
5ba62f73e9c41f0d2fe68a5219a7361b,1,credit_card,6,147.26
e2f7e7ea4cf2fdf8ec1f5d972a983090,1,credit_card,10,223.98
afd13c738cc19913788664f31993edfe,1,boleto,10,122.62
c06e6481996337aa9c4e166200684d9c,1,credit_card,3,96.64
20f5128d51abac77292fadf7032124e8,1,boleto,6,89.57
3296c4c04201938b971444b7b522f610,1,credit_card,1,197.66
656e5170bd1a2704880136fc095f6d43,1,boleto,10,108.65
1429ef31b9b3c0eefaf2be80833bde78,1,credit_card,1,302.17
48f006a3ad9f0e532e671517e8e52412,1,credit_card,1,89.13
be1924aadab712f6764231c326daf6d1,1,credit_card,2,131.95
21b6eb84899fad03ebd235736012a24e,1,boleto,3,45.04
282f0aa6730f8b28ecaf549ed37dcef3,1,debit_card,3,111.0
f3ac2f5e1749939daf326af578cf536a,1,credit_card,1,152.41
eb8f54d8df40fe0454cd67b4d67f017d,1,debit_card,10,81.79
c99496ab6db7fa7e70a6d78ba64e2384,1,credit_card,10,111.66
06a4093b49d693b1859353fa25e4e633,1,credit_card,1,118.61
9e5364dc7a1afd6767e56f19844e2e8b,1,boleto,1,209.5
d1a33332d882ce3cbf0aabdfd708bdc7,1,credit_card,1,42.91
30a4c4b0be3c7c84176350f54708b42e,1,credit_card,10,122.77
a48339f7c7036a4c7150f94fe2f2cf57,1,credit_card,2,51.57
ac482af26e988798c2ac0d6d10c88179,1,credit_card,10,56.0
84372286f4eabfa5535fd8d22839d888,1,credit_card,3,91.97
6d70881b52647c6f060fd3b65f9c11f0,1,boleto,6,76.56
ec7172e77028eb2d5e9432d689b3889d,1,credit_card,10,127.22
ad7bb3c532f0b15c554047fe5cb9635c,1,credit_card,1,81.6
c7d4a10f8eec22a4f966f9c21796b7b1,1,credit_card,10,158.6
d40666259faa218001a069a24b37617d,1,boleto,10,149.05
a87da2af3ae8160aedafea5450b9e04a,1,credit_card,6,187.98
5c1faf7b81c4dda8ccbf1dfe173e13d9,1,boleto,10,49.34
27dfc6e084c469b120c13845025fc70f,1,debit_card,10,68.38
43e2ecafd767a0d7e8b2f81a5f88fe99,1,credit_card,1,57.28
4fb9ef37002f4aeea308f1eacf367c1b,1,credit_card,1,165.83
fcd62aba93c1392f8453d8038519469e,1,credit_card,1,683.66
47808b87beb5ba0f1e2964f1709adc95,1,credit_card,2,103.46
ddf194d4f75ef2cf153d5754f086424a,1,credit_card,6,153.77
33c32015dbb93bf66c8c4bac9c130aa7,1,credit_card,3,166.47
f1c056ba95ff7d9dbd5a0760b9d9c1dc,1,credit_card,1,46.18
b1020282b5b2e008e0516aaa2b1feecd,1,credit_card,3,387.34
a48687d4cb295e19d694a5279720b88f,1,credit_card,3,214.76
d9743ff074e5418dbaa380fa07438e60,1,boleto,10,64.59
9f2e444a501bcf4467f3e4bfa3b31be6,1,credit_card,6,70.88
629f1962ebd795f5220e674e6591d99b,1,credit_card,1,93.51
94b5933984c11826d910498c2fa17fe6,1,debit_card,1,55.07
8dd7b77df9fb722da51c7d2ab3bfbdab,1,credit_card,1,70.22
a96bc76137179e4565706108fc78090e,1,boleto,6,107.04
b3700e9292f1da69674f6635f236b2ee,1,credit_card,1,65.35
5f868f8baec616940f2434918e9ff74a,1,credit_card,1,213.08
899f7cfbef6f5d6a09ed1c7c9f40ce6a,1,boleto,10,121.45
cf979ff07afd0718ebced334fb7b00c7,1,credit_card,2,302.65
c94ee2f0fe068b4e7f63abb84e4f4dd0,1,voucher,1,30.77
c94ee2f0fe068b4e7f63abb84e4f4dd0,2,credit_card,3,71.8
51ffdef6b6608a3138b89fc4e47172b1,1,credit_card,2,186.38
ec13d7c3e1c7222342186e6dab24f74a,1,credit_card,1,189.52
b70bc594ae4fd45ff48fab0641a9edd3,1,credit_card,1,321.64
f979549bc44c5c7880ed319cef016e79,1,credit_card,3,156.87
514b30a9f6d4461c8c1046bf24b37794,1,credit_card,3,71.72
7d957e47aed14cec3cd7e0eabf817a17,1,credit_card,1,78.37
f3cecaaf71a2f6c173cab4e3bbc3553b,1,boleto,3,50.94
0d06d89169808e3c9fa3fe4bdebf96d3,1,credit_card,1,43.42
54ddbff40d81339dde952d1ddcbc5e3f,1,credit_card,1,80.45
611e6047790a474e6185e21be156df17,1,credit_card,10,208.77
853b0173fb66bcaf47be30eb836fad38,1,boleto,3,69.55
55ec2b7860094db3b265293e45314fd0,1,credit_card,10,67.56
b91d8c4c02781c40134e2bd9dd1ad072,1,credit_card,1,253.34
81f10d042f576e777148c0070faf26b4,1,boleto,1,81.48
29489bdac1199d43480d0cf3406d5351,1,credit_card,1,136.21
68e438e05a575306b0dc80e80aee5a68,1,credit_card,10,34.23
28876b7f64694f537f5085e7058cdd44,1,credit_card,2,26.72
a165c37d56ad3649289a2abca1aa8c49,1,credit_card,1,85.52
f7294c21208bc725e6e005dd31c2bddb,1,credit_card,1,74.45
392c5f423f203c2279477aa80f1c0455,1,credit_card,6,268.32
a4dc6a67a6d18c910760d4080678fe13,1,credit_card,3,51.22
539cbe4f2d914e296541f57452ea13b8,1,credit_card,1,54.93
b1d06d8a655f9c8cca2ba8f5a44e3b1c,1,credit_card,10,137.96
e1b39d6494e2a33d14a3ffe6b3aac060,1,credit_card,1,217.64
bc57003e91f91586c27f9590333c8c30,1,credit_card,1,150.62
f0154f90db7be180aac21afbfc9db15b,1,credit_card,1,76.67
eea7a67fee1cb89a74f935ca4341fd0e,1,credit_card,10,516.72
10217062a81798500b45cb04e5bc89c0,1,boleto,6,46.19
5f8e74df29f5010c8b6a4c9778f4223b,1,boleto,3,76.15
57765dc6994a77f925220779a0041dd5,1,credit_card,6,192.66
bff49e0659e3f0f693b78bab38151095,1,credit_card,1,291.94
73dd8d3140e10b51112858041243161c,1,credit_card,3,71.47
7d84dae5af5235bcf8ab33f4f2f9ade1,1,credit_card,10,74.45
8921349feccb853bcd227ff2635fa3f3,1,credit_card,1,175.0
7e4c410bd87534bf9564d4c1aedb4262,1,credit_card,6,323.69
2334fcc4e022ede0ed88bddae8180064,1,credit_card,1,236.36
23167b59cfbbf4e3e160e35b4da7f632,1,credit_card,1,74.33
dee4254b0afc13fb6e8f19bcc09b61e4,1,credit_card,1,56.78
eac7c57bfc96fd06ce8b30cea67155cd,1,credit_card,6,107.84
3d4a49aee83f6a2a52fc6f48e7e337c4,1,credit_card,10,74.39
cf407865a5c11300e32457302ede3051,1,debit_card,1,65.7
1bab13ac9863bb207d53c706fb5078f7,1,boleto,10,170.79
d73c92595a8258cb8d783a9bed87adb6,1,credit_card,2,236.11
d97eb35599870266dc63a196946320bc,1,credit_card,6,45.51
3b1bf755e600fd684a69ed38b705e692,1,credit_card,10,75.49
faaa53fc094a8492d88d11dd321a3244,1,credit_card,3,236.77
113ff40f13b96213b6684e199a463e70,1,credit_card,1,86.95
747738793eec05dc7660302f477eb375,1,credit_card,10,285.53
e7775ef59ab9ae1b1d93c7bd4c66b4ed,1,boleto,10,54.34
3ed04e680d250730f5a98c9a6a71dec5,1,credit_card,1,71.07
062e07785f0b5135856638c8a173e274,1,boleto,1,33.13
64f75c1046983234624695b99deb7a4b,1,boleto,1,52.1
1d3ea32c7e54da1eac304971ecc11ecb,1,credit_card,1,227.25
e1789474380d4643c891e9bcd83060dc,1,boleto,10,72.74
96a2e79d6576d828f5517659ed86a0c9,1,boleto,1,58.72
4a9ab305222bf62a085e05182d756dd3,1,boleto,1,100.0
9b2dceee765bb06910a012b2237c56bb,1,credit_card,3,192.8
c536c0a248504c6b12cd1aebb9076ff3,1,credit_card,1,130.35
a88d37de6c1f0650b517272df7797643,1,credit_card,6,240.29
360824da33a37a7480469354f82258a7,1,credit_card,2,415.26
4cdf506343c3698873037257390ff1c0,1,credit_card,1,120.23
daf09b921da9c3c5c798c498499d5830,1,boleto,10,129.06
df8b6c1c27d3584cfb99ac3e1383883b,1,credit_card,6,104.64
31b5276f88e941fdb0850679d0b21f98,1,credit_card,3,82.25
00f3e86630260bb173f1df2609502a6c,1,debit_card,10,111.41
421ebad4b226f24a230d27b8ff97588e,1,debit_card,2,186.65
4c2bfa96a86c1d888d67e82ce8048c91,1,credit_card,2,119.62
d27a1a33f5110f36bce4808b2b5bce12,1,credit_card,6,147.96
973a905867d1cb6f1d5720cdfa5223bb,1,credit_card,10,207.34
1f8cedcdc91ceaaea5e0ecfdb96ca7ff,1,boleto,10,39.64
47820b9c488fedb62404c66d49869729,1,credit_card,1,67.46
dcac309645957a60194d397db09dcd19,1,credit_card,1,270.56
cdf9d1d6b22ed234404c86f16cc2e20f,1,credit_card,1,87.3
7792be47347837520b3b81a9ddd652a8,1,credit_card,2,123.52
f0329337a10d27dcbf153b908971b1bb,1,boleto,2,58.26
32239f5d2dec9b01bb8133fb0b928003,1,boleto,2,122.04
6b9c7e6be4951ebbd7c8ccb8af376fbe,1,credit_card,6,28.0
9c6723382c110a436cc5599972f580bd,1,credit_card,6,134.11
205d8635cc87858c3b5745dfe0345e68,1,credit_card,1,110.04
75fd7d83526443bac298823abcdc99ef,1,boleto,10,290.14
a54680ad810775f3ea0ce0e1cb70c67b,1,credit_card,2,140.34
841169cdb95175be5c89158a16b44b0c,1,credit_card,1,214.8
ecb55c92db2d0ffff047e4e9f3feb7de,1,credit_card,3,279.61
858fab602bbe35eab9da74804b8f05ff,1,credit_card,2,71.58
8b20cc445705b3005e79e796acfe02ea,1,credit_card,1,142.63
57059671b031a179ac7625b80fc06f77,1,boleto,1,60.12
a180ee9b1767370097e3ab403db87d15,1,debit_card,1,532.13
98982e99fa9fdbb3d2b2cf4b489d3b8a,1,credit_card,6,22.36
817f8e3b9a1a59cf9b480ff537309e25,1,credit_card,2,271.05
dff4cc9131646c14f1a0051f0acae683,1,credit_card,1,486.54
24812872e704db7da4e713588fb6002d,1,credit_card,10,150.4
5e45295681e4ee990c286323d27f6d1f,1,boleto,10,418.71
4f418193e3289c3a801cbac1c5b56b89,1,debit_card,1,150.4
851e4fe83a6570b5b9725caffea42063,1,voucher,1,38.75
851e4fe83a6570b5b9725caffea42063,2,credit_card,3,90.42
67fec00325b1ad19c8b93543d9563604,1,boleto,1,160.41
3d9803952621b8998a9da702660f44e6,1,boleto,3,79.18
a13ea32a4b0450671481b96b477cbc8c,1,credit_card,10,121.49
231f167698a7e77b214990edabe07080,1,credit_card,6,90.31
ab6d0f79fac368c183674372d33e2b2c,1,credit_card,10,75.14
65fae4a11a037833d4fdfad6400840cb,1,credit_card,3,96.94
e06bae1f3e372c8d8a137d8dd2924079,1,credit_card,10,123.63
d736d90ca8ae5c671598203e24c4e6ca,1,credit_card,3,202.18
0423793fde3a564a8bf63e19c88994e7,1,credit_card,2,87.68
b1fde4de092a2783e9b50a89c04cf6e6,1,credit_card,3,97.59
931884729fa6f3eadb65e8d62660f73f,1,credit_card,6,120.55
ba49ccd561853b1a63e12924fe95c8c9,1,credit_card,6,74.89
38e1e998ddca9cc3d48f16c56431d4a9,1,credit_card,1,64.94
84d8ec6a7d5887a5a5548394f39dea6f,1,credit_card,10,142.36
64fff7a635cebda85d3dc371d6ac0d84,1,credit_card,1,52.93
877a71fc9d9fbeb36207db6374e5e611,1,credit_card,6,499.77
b4c313eb7e225d5c236253032ae72b5d,1,credit_card,6,55.24
f55db8b9129f9fa53b6a38cfe0df542d,1,credit_card,2,74.26
a4a5308d4aec4d62f30fa5b6b8280725,1,credit_card,3,556.66
2e401311c973c84e2d4c041374be3766,1,credit_card,6,125.53
32c52d76370ebb11affee02e7508e10c,1,boleto,10,363.79
1f45a6d06af9e1cd444b94904edd1cfd,1,credit_card,3,42.74
53ae322ed147b235e537cd52b53a2800,1,boleto,6,145.64
aad74fe05f48087ee0e660c2b477caf7,1,voucher,1,155.39
aad74fe05f48087ee0e660c2b477caf7,2,credit_card,3,362.58
2632fa9dc768edb905d8e14617f42764,1,credit_card,1,113.39
c578f4f49b18276a1d7b83630db26722,1,credit_card,6,79.47
aa46dd26e07ab79da68f75ac74916018,1,boleto,1,71.47
36f1374dee426792ce2c36df005101e5,1,credit_card,6,50.54
472678ac7eaef4528eba2e783b162773,1,debit_card,1,114.18
e49e6f6e6c561f785e5a590a7393c675,1,credit_card,2,94.26
1708f96ef1762fbdc37114e346b3138a,1,debit_card,10,132.4
2ccb87cb668ed827cd101511331212d1,1,credit_card,1,362.89
236284b8d4a84c963d948afd864d3a8d,1,credit_card,3,83.77
50a6eb2200c65ec892fcbafc4501a390,1,boleto,6,93.68
8e7989829a5d5ace61d9407c6a21ab97,1,boleto,3,275.3
779ee83d36df223906bc0d7123baa2ca,1,boleto,6,27.16
8999b812d61676fcbb1ffaf405bcde63,1,credit_card,1,42.85
796c39ad6b35a9b90bfc8c458a43aa23,1,boleto,10,117.13
ab9737efffc19e7bf17a273b941eddf9,1,credit_card,1,31.3
65edb1d9a4242b77ab86fc70a89c0d28,1,credit_card,3,111.32
f5cca86b92e92aa7f7b8a5e480a5fe0d,1,debit_card,6,285.79
d21c922affa2df4729ca6e42d09ae2dc,1,credit_card,1,212.03
460aa7f94a05e06db26f8bb23178bdbb,1,credit_card,6,55.41
9f5f462353921935d6f8d94c39fa35e6,1,credit_card,2,525.99
d84606250effa0c12e3a9584adf538fc,1,credit_card,6,50.48
a7f3cf5c981813c70657894f0c953522,1,credit_card,1,289.96
07656c229bcde988ce25d28181a4dce0,1,credit_card,6,157.26
4f848c317954af2da819d4b9b1a6aed3,1,credit_card,2,27.74
2c4276b214420114dfe704a4322570ff,1,credit_card,10,194.09
5305405880e2ee403b891988c04d3cca,1,credit_card,1,80.46
aa1c8b533e2e720134cec306c39fcfb3,1,credit_card,10,97.53
8b9a0113b81c9d0b53332e5d3ac36c05,1,boleto,3,97.95
e106ae3288fb044ad1c76cf135d3fe5b,1,credit_card,6,48.44
d667159d22021f9fb3fce44c942a9c09,1,credit_card,6,59.62
b6315c550ca3e980ec95575283c2539c,1,credit_card,3,51.71
51bf4361edb5db914a13b17c8d938a1b,1,credit_card,3,54.27
be007552f3d6d5c75455213bf1867d89,1,boleto,3,52.58
9e5d78a1c5bdb49544d44eca976b5158,1,credit_card,6,78.45
8775a0f078f458891e49c76a90d52b99,1,credit_card,10,110.67
f1904cecc2d454e1017f040edad2e66e,1,credit_card,10,134.57
7a3f4573f16a18579a68990e2412e47e,1,credit_card,1,275.13
22d1b5fad3c8acca3615ede42bf30743,1,credit_card,3,79.44
930951a61dbd3a83176a5eb80f1abefd,1,credit_card,1,133.39
a75554fefcebe192d4796110b35e85f5,1,credit_card,1,63.1
15280e7c89d5e178cf998da34f942b3e,1,credit_card,10,249.23
b7be51dffd5eb63638124f7f8c46b173,1,boleto,10,369.99
7e4e72730ae19e7e1b6d89275315de9a,1,credit_card,1,46.49
cb3c211dc8f168095051b949e6af993c,1,boleto,2,118.18
ee45a7440cad2d638cfd980c984f5419,1,credit_card,6,500.07
088393111216e243634ee1155c812bad,1,credit_card,3,62.03
399b747bdca4b19e5ffdf1cffc8e920d,1,credit_card,1,44.49
c996a54bbcbb065803e6551e11dabe5e,1,credit_card,1,204.24
c564956a97f5f3e4bca8891197ea502c,1,credit_card,1,579.05
c07ec4c4b6b4aaa539c42eed297f8f1e,1,credit_card,3,128.11
96aaa3cabaf6e89f14e0a8d38cf431de,1,credit_card,10,86.9
2b0a0050235aa8e9838fd802fed46e35,1,credit_card,2,95.63
bc58196e2064774fac5200b5029cfbda,1,credit_card,1,143.69
0eb4762ed32b3c0dfbff1829aea3798b,1,voucher,1,34.69
0eb4762ed32b3c0dfbff1829aea3798b,2,credit_card,2,80.94
950097ce28bc2d51f1e453e6dc50522d,1,credit_card,1,482.17
831bef039201030915886873272926b0,1,credit_card,6,137.81
6f102145227b051262a5aa212b3fde5d,1,credit_card,1,115.25
99cd0df3a873abc815aaaa3bb6123cda,1,credit_card,6,203.36
c742bbaf77870d52dd12bbc65eaae175,1,boleto,10,80.72
4919d9ff57dfba1d2d555314143e7fb7,1,credit_card,3,377.89
aaee3f08ff6905680d79c20f4931bd94,1,credit_card,1,188.21
517e71e047e5df568e96551aeeba6ad9,1,credit_card,1,101.64
31ea282130347270681ff52852ec03ca,1,voucher,1,24.82
31ea282130347270681ff52852ec03ca,2,credit_card,3,57.92
06c6b8c26ce87f511eb2c17031e2d719,1,credit_card,1,69.48
e4ac1e29d3c6756c5a2cfba89d88e7a4,1,credit_card,1,177.47
82ee6e080ba9ee1e75888aa1f9e33543,1,credit_card,6,98.42
433d65c2c0f5de46714f4be5530619e4,1,credit_card,10,35.99
a2aba713e5a79d2fd54719323e03a5ea,1,credit_card,6,132.9
a82762b4793909cdb8582767d4031364,1,debit_card,2,160.53
cdad77367a272eb30f6924f32f532a9f,1,boleto,6,127.81
cc4282cd1474849f3b38102b7bdf1546,1,boleto,10,108.86
1feba1e73bb1591b2e832bbe55ba1dfe,1,boleto,2,43.2
e28323794f3c0388ec6123eb733c4dee,1,credit_card,10,258.81
34d4ab34aca6dd4b69dcce117671b52a,1,credit_card,3,109.55
c0c365283e9d547a96ce7d179a7db4b4,1,credit_card,2,70.21
922d82ffc29faa8fe4eb5ab9ff69af1c,1,credit_card,2,32.61
243517e00702c1dbd2ad8a480dfac4c9,1,credit_card,10,71.72
15ab1a4738a6484c634c842f65843875,1,credit_card,2,30.7
c80bdbd7657050eea874d557cd0e1708,1,credit_card,2,492.5
f1bef5889c0851d48f202a19d0a836ae,1,credit_card,1,327.83
e6a19ff8ab9a95851f737931b137d223,1,credit_card,2,104.08
21be4ca5cadaf90ff365185deafb7b2c,1,credit_card,3,82.42
dcbd6ef5ef8b07d099c8cca7d51878a7,1,credit_card,1,220.97
a0903f903fc543c97c479df23f55f644,1,debit_card,6,63.33
f8bc60bb96773d4c1a837f9e5a3ede12,1,credit_card,2,191.98
d732bacd8090661f4e02ffb304bdd646,1,boleto,1,79.08
cb77624651a3dfe47962e5a87f7d7604,1,credit_card,3,259.99
2e0cf801f4366b12c391ef93aa012ab9,1,boleto,1,119.88
1cd6cf0de228d8e4e964f172a9a9bd76,1,credit_card,6,32.52
c6a3e5d453c96c608551e6e8504d39e0,1,credit_card,10,41.96
82d621ddf00a8b857c501ef8bb94c73b,1,credit_card,1,186.9
562f62e88a0bb8e4294a8a71bf7ca627,1,boleto,6,172.71
d805aa2b2d6436ea3a25be44db986cde,1,credit_card,3,218.56
596d88dc394b5576f8876d7dbb28b3b1,1,credit_card,6,102.91
97ea6d52f84dca4b5a332b7d1c54cdb8,1,boleto,6,256.84
024ff385a2ef2b77a0d69a596f6656b4,1,debit_card,1,76.49
469acda367d73e5748c31385922ba6f1,1,credit_card,6,93.45
29fda2560809c464fc90d88ae33bb3e0,1,credit_card,6,45.96
3c8f5a90dd90fef2fbf7ad206a7e95d2,1,boleto,2,85.1
e98a470cb894550ae9faa2067ad79ad5,1,boleto,2,175.15
1de883ef20448d4cc732ca9bc992e0cc,1,boleto,2,135.56
ba8914275540990249979fe3231e388a,1,credit_card,10,50.76
959ee77e2e52635d2bc4a31953211cf1,1,boleto,6,104.92
be4c2dc5bb5740e9876796d9dfb44eef,1,credit_card,2,211.43
09954fc3efb3eb376d57ffd72ea5f54b,1,credit_card,2,78.29
3020366c7a7634b5af80ccb16cc35925,1,credit_card,6,103.45
04579d6f93d3125a3a5604b37acd003a,1,credit_card,6,98.32
d7b3c8661c751ad4bdecfa9d84b0249a,1,credit_card,1,118.73
28eda191dfb48b5fc2b35e097f101f15,1,boleto,6,39.41
dc87885e8f6e1e3025d6ad4050cca99f,1,voucher,1,47.57
dc87885e8f6e1e3025d6ad4050cca99f,2,credit_card,6,110.98
796c6ae6fc19285d92d13d77da532699,1,credit_card,1,122.4
b0b169f7378f78da14308e24709b5f65,1,debit_card,3,46.61
0ae700f79d0aafe2adc8a219f4de6a69,1,voucher,1,20.42
0ae700f79d0aafe2adc8a219f4de6a69,2,credit_card,2,47.65
eb469b21a28322e8d171504fdf480004,1,credit_card,3,123.65
6b1b8c030b7ecd79cc1b0d55933be58a,1,boleto,2,147.73
1eac66fefc30c77c8f58ed08f5b917b1,1,credit_card,3,231.61
8b81ea622fb0aeaa05efea2af825a8bd,1,credit_card,10,272.81
ec70d93aa260f227f46a9817194a589d,1,credit_card,1,103.37
31425d810912fddc0d36d15b9f3204af,1,credit_card,1,66.76
07afb9185020036f9adbb8f179cdc59e,1,credit_card,1,50.77
6852c038be54cdf1478205fdc6026414,1,boleto,2,255.51
39829dd41828da8f50d8ae135a663824,1,credit_card,6,1088.5
9b4d6f3ebb8591534918df40b3ff962e,1,credit_card,2,73.34
0ce3dcce0b2a29944cffa0376feb3d46,1,credit_card,2,59.06
afb29df97dddf3dcba1306b5be54b9d8,1,credit_card,1,79.72
339839aa7e95b992af7da5d4238c929d,1,credit_card,6,70.33
d7561954d0e1288198c2fc34ebde34e7,1,credit_card,6,63.79
69b20a83471994c93d3a79abc33c518f,1,credit_card,1,147.74
836a2e1d38f53fd1a711fd9023451386,1,boleto,3,68.5
9ea8428428d30ca31652142c4b6ec9d5,1,credit_card,6,40.35
7551eb4f24b0e62f85ba25043e0790f1,1,credit_card,1,353.39
6bfebd17f60ad0a38eeefe9559876711,1,credit_card,3,134.03
ca44724a45020c28d824a59edb33ce63,1,credit_card,3,104.58
60df109ac0ff979ebd29e827e0f2d1dc,1,credit_card,3,41.34
4e85661e3bc6c4e26dd5346eab2f4642,1,boleto,1,101.46
0d0b906366c5558fb54ec3231e53a5da,1,credit_card,1,45.03
798f5e3fefd1422eeb4282154c3d8a35,1,credit_card,1,87.96
34be949b13b8fad41ed7cc8aa0f1963a,1,credit_card,3,97.99
968c5275c2174dbbe10db2b198813adc,1,boleto,1,74.51
c49dc4fccc641c0031b41e884b0c8c70,1,credit_card,3,204.36
252b473ad2cdb6834c564c15e507b981,1,credit_card,1,113.79
3a87b3e2dbafd3b150ff1ea703f5dc20,1,credit_card,10,210.66
cef24e8ad1fcbfa4816caa347d96e941,1,boleto,1,33.58
4aef9e25c9699ed64baec9a5274c51a1,1,credit_card,2,37.01
53067adad8bfc4d580d54f854d3d22c1,1,credit_card,6,52.86
569807e3f16da24334def7eeb4d713fb,1,credit_card,2,86.51
9a9eb406d59101cef18f2155865b0427,1,credit_card,10,164.23
7497d326215745a0d658db7dbfe46ba0,1,boleto,3,82.49
5ff2b09f084a2ec43b9180f58daf7c97,1,credit_card,2,78.44
e35f41db0a120876c74de5e3e31896d5,1,credit_card,3,171.38
9cdd1043ba80c88b9da3e777598c1a48,1,credit_card,6,105.33
8d8f194c2a8c5fdbdcee656d7420431e,1,credit_card,1,117.95
5f144f16e7744ce213e7b504c58aac51,1,credit_card,1,303.85
cbd4b8db541c8f78489f3f1a566fe0df,1,credit_card,1,112.37
2964aa991728c576452d52fac0ae3ba6,1,credit_card,1,96.6
960144c01908b1b2cbfd0aa6fc696d17,1,credit_card,6,128.29
e702c0d88875b591e11db469bde85aab,1,credit_card,1,77.07
4056c9bdbdc27e8fb142b54e5fd62bb0,1,credit_card,1,160.69
df632d7a5ba3d1da1863f1595ab2c279,1,boleto,10,216.74
5cc7127a2b148354c767364495a1dc98,1,credit_card,10,120.97
3ee5236e299b4130cafcbc0e2b66201c,1,credit_card,2,97.96
c354fc525ee886273ee05165383819b8,1,debit_card,6,40.52
5a9efefcf07c0e77b6961feb8695b07e,1,boleto,1,373.43
32562c45bfb5ab4eea57353c1dc61cb8,1,credit_card,6,28.38
2ec8d7c7b2846e074cbe5d5d2c24bc1b,1,credit_card,1,32.76
47e75b710a9d484c915ca65d8f359e6c,1,credit_card,3,114.6
4b295ee518076bffbcae99f6691acd19,1,boleto,3,139.45
0f4fbd2bf039d524089742f0923da956,1,voucher,1,20.05
0f4fbd2bf039d524089742f0923da956,2,credit_card,2,46.78
d142a87105b2622f3603768daa7694d9,1,credit_card,6,72.77
b245ab9c2b4e1135d02e4cccae0343a9,1,boleto,10,267.96
c3545cd866f7d56a11d9b407c3359955,1,boleto,1,263.81
976343b4b209683eb7cc715734cc97ac,1,voucher,1,19.82
976343b4b209683eb7cc715734cc97ac,2,credit_card,4,46.25
3ecfc25ec94e36bfa89fd6ce4726d174,1,credit_card,10,100.5
82d10a80a76fc07bd99472c6e6b87bf5,1,credit_card,6,117.92
4bc58129c5388e2adec01aa2a6ba6a87,1,voucher,1,41.58
4bc58129c5388e2adec01aa2a6ba6a87,2,credit_card,5,97.03
0449464fd736466b222b043687c73b31,1,credit_card,10,569.91
95e7b61004c0d48a98bf6a3e6867035e,1,credit_card,3,295.19
ca2e8da6708aa2f7d0add6058864d32c,1,credit_card,3,225.41
12dd5bb795d6b0e448a0d015686279e7,1,credit_card,1,132.9
e3c28fe1e89f53ad970accbbfc3a70ac,1,credit_card,6,128.65
9ba67574e52caa8640604075ceb6f894,1,credit_card,1,230.51
7856fcb38b27036bd7f74004a2b491ff,1,credit_card,10,98.03
9f54a3d21a30a775cce6fd28f141be04,1,credit_card,1,90.8
b5f861b01eda228c41f3e01c7da1f511,1,debit_card,1,37.32
bb54c7f44c5b6bf4309bcc9a0a5211cf,1,boleto,2,166.19
08bbd3f5a13f7bfd78a1ad7fc95351ad,1,credit_card,2,390.28
3fb65c7e5da17dc9ab489f7a64745dce,1,boleto,1,77.04
bb3c0b49bd08ce57f094dfd0c465eb6c,1,credit_card,10,238.27
c31824150dad0c7be66693e381d9beae,1,credit_card,6,64.89
29bafb6357c8f6f60c0b2fd78f95a628,1,boleto,10,271.33
d2a7e34e12cc39c8bef3294863f15a67,1,credit_card,1,48.63
6553c98b656f1ba70aa1b5133c8b8741,1,credit_card,10,152.45
a63661009310ff3b1cb37f3edb8307d9,1,credit_card,2,235.35
172f220383880cf339a20ed15452185c,1,debit_card,1,97.6
688c2b33cfc62c97f831a42e3c1782b6,1,credit_card,1,23.19
180922f6cf18383a7f3eb2406c543e3f,1,credit_card,10,54.96
a3212daa865394a3eeb226f2a49ab750,1,credit_card,10,78.58
904c264719aabe5aa4739bb0ce430e71,1,credit_card,6,163.35
2224a0d1ebeb50d98f8822b7de5b12f7,1,credit_card,10,122.02
9de9b5186c5c113810b4caaf0008b748,1,credit_card,10,62.85
b091e536918245136fb90ec652d7f029,1,credit_card,1,94.38
9d46df4155c65dc208d87a8bcc2d93c8,1,boleto,2,291.08
0a3e1572d7bfc03e0387f6d628ef4623,1,credit_card,1,138.78
dde4fe4f03a301d05046f4a1d059a088,1,credit_card,1,63.31
bdc6a8046fdb20da734f61caaf5fd46a,1,credit_card,6,57.55
0caa73c985ac0d30634f91081140a324,1,credit_card,10,54.93
1e8c6c82cdd1f547651cd985338a673a,1,boleto,3,225.55
cf2df4a6c9720c70856188e7566b8b3a,1,credit_card,6,68.34
0ab9bb9ade04f248784ec5e9d211ad6b,1,boleto,2,254.43
5cd1f29335b1d7d41c093b8244cb3cf6,1,debit_card,1,36.2
453013c6403fe0099df32389b79c3150,1,credit_card,1,144.82
afcdeb63e8b7b97dfe516a8a446e164a,1,boleto,1,177.84
35b49941842fc231ed976c7e4ae39c1e,1,boleto,1,137.58
794826b3a75d09783856167524f82a96,1,credit_card,10,526.07
e0e730bbd18c0aecfd24276613d01698,1,credit_card,2,99.35
660a3c587a9ede9daf6c671604532d47,1,boleto,1,338.03
96e8244525906585c7828c907b25f00e,1,credit_card,6,183.74
a1d2fc0f571b8409544b032552a9e050,1,boleto,2,113.55
668d7b7232cdc1d00c99a75bd9d01c72,1,credit_card,6,156.62
791868e3f9f08c1c6979bafa436e7bb8,1,credit_card,1,47.2
8f3f57acf634100c64bc999b8250b470,1,credit_card,1,59.18
7770b90ef25d2c850622a2946399839f,1,credit_card,10,150.05
ff99581de428539a4963cfd4f15acfd2,1,credit_card,1,249.9
1f846af375ad919a73d1ca2b608a626f,1,boleto,1,200.29
6bc515b3e41f58453880446d8dc10914,1,credit_card,1,56.68
d04536d0607c2248cf1ae19dde598930,1,credit_card,6,53.37
f7ffc08adbba8812ed632454376186d8,1,boleto,1,189.82
17c169a55b8b8ccd2618dd5d32ae5cb9,1,voucher,1,29.02
17c169a55b8b8ccd2618dd5d32ae5cb9,2,credit_card,3,67.7
4fe0887115f54aa03e42ee14f70c276c,1,credit_card,3,89.92
a813611b94040039d26c81056d8533a2,1,credit_card,1,243.67
dc237929fbacb2e8186f4fa504e34cb1,1,credit_card,1,40.83
f90d3083f492444660fb298e845ba11c,1,boleto,2,122.6
a006b58f793acc48ab867e53a2fbfaaa,1,credit_card,1,48.45
3f0cbf7dc99bd7825ea6c0a0285f6c82,1,credit_card,2,68.11
6364d40ffd692ef1c1464090b502ceb4,1,credit_card,1,337.59
a38ff7139719d16c786b687490c50d15,1,credit_card,1,65.62
bb5ed05462f80d9423d2f968e56fd112,1,credit_card,1,49.19
23817db975c32e981bdfdf34990c8fb9,1,credit_card,3,122.77
999eff31387e1146542186b737ec649a,1,credit_card,1,59.53
43ead84ab0fca9d9cc1186c08ba5944f,1,credit_card,1,73.0
1285c5f5f6fe34c8bf7c4122087166e1,1,credit_card,10,349.48
ca6c57e0161efdf6e23e12f0b3af11a9,1,credit_card,6,321.38
125e0ce99aee253d300176036dbf7fbc,1,credit_card,10,332.69
10a423decf08ac06b87d6e7a7c8f1e1a,1,boleto,3,150.88
424d346906a0bfb45df0fb2667b43715,1,credit_card,3,137.65
2b22d9cd685b58a978c2249a01f9214f,1,credit_card,2,54.89
449a1d038de2fc8dc055ceb0b9ee2247,1,credit_card,1,147.12
76e06135c25905bf994aa04f0a7ab509,1,credit_card,1,77.33
9c38e544ed2483098e32fd20ac941700,1,credit_card,10,97.51
0556cf65c4a5dc98b2a7c9b54e5a046b,1,credit_card,6,90.03
3900f29bed2b667417de253f6a147272,1,credit_card,1,70.11
832507834d2de4cb366c6b8a2c9266a4,1,credit_card,2,159.51
24f753a3a83b921238bc4ce736804804,1,credit_card,1,57.11
4d52329406c4f4a2218aa7c0d447c810,1,credit_card,1,65.21
d24243abf007eee0c7bd7b6388197b4c,1,credit_card,1,53.23
bd6e2570839d8c611061abba7e02bf27,1,credit_card,10,168.09
f1ea44de4bb38a829d6ca0211e46ecdc,1,credit_card,3,253.37
0f53e8c59ffc9099b8ab2113cc1241a5,1,credit_card,1,136.96
d8868d4d493bafc41547c5db1573223d,1,boleto,1,108.56
1a70a81a4202c418b6aedb91890e2e44,1,credit_card,2,179.17
f16cd8d050e04efe4797222cfe50fbba,1,boleto,6,59.75
ac1330dfd18432b5249b4a0e1c1f989f,1,credit_card,1,180.81
7622d6797e51471be49a4f584aeedf72,1,credit_card,1,70.91
27f38c77e17e22cfbb2bc475a525c6d1,1,credit_card,6,52.82
ad071055b854a254e35b8688e42ef1b2,1,credit_card,3,184.09
ead7bec59b4974a540d15c15ad5b9058,1,credit_card,2,95.89
e502fd39b0e0565ab72423d687d5292c,1,credit_card,1,149.18
8174a0965a2df2b151d9170e7544d3e6,1,credit_card,1,216.48
63a6b06fed871e968415c0385da5f675,1,credit_card,1,195.19
8ba1740726633334b4a17f7a709240bc,1,boleto,3,97.35
d36328f4e6a4ab122857d66d345aac28,1,boleto,2,73.08
8e39d3e839485a8ad4227f59c3f97e60,1,credit_card,3,145.97
ad84fd1ae3715388377383357d25eadb,1,credit_card,10,745.3
b6a160619d7032c104789ccf041dac52,1,credit_card,2,248.54
54292824f1d6d202e86a5ba5152652ea,1,credit_card,3,95.06
62684b43408cd80dd175b167175ec2b5,1,boleto,3,88.73
ace08b86bc11330ae16dac5bb06fcf8c,1,credit_card,1,73.24
16e384c4034b0549cfd3aab23365d25b,1,boleto,6,59.92
0cf24f5aaed557269fff8f802e0182a2,1,credit_card,1,85.71
753f6434c4e3f86241a5b2f0fb3c8d94,1,credit_card,1,117.04
c1e96e0e075e3b87a5cba86d5b216412,1,credit_card,1,114.12
83cf176eb0ede2f5d4af795e83c4e6f4,1,voucher,1,45.83
83cf176eb0ede2f5d4af795e83c4e6f4,2,credit_card,3,106.94
8c8e302106624e644bdff0e061539a40,1,boleto,3,131.65
a37b16b0b439bcc898285c33450fa0b1,1,credit_card,1,266.35
2c3a11e7c9164a3b42fd68fbcff88b63,1,credit_card,10,89.1
5ca4a0983551bf83c9faf9b77e31c35f,1,credit_card,6,83.65
4cba06edd47262cf64425305fa87fb09,1,credit_card,10,126.42
b881d322fe9943425c762bd60f403393,1,credit_card,1,39.59
fe2895ad8f20d2d155c7f7662340c896,1,credit_card,1,80.85
3d2f24d32469980a1c96c12a19befadf,1,credit_card,1,96.89
e8aadb20d2e45ed59a8765d7cc55f077,1,credit_card,3,199.86
bf461cbede96c3f4c332f820b8cf55d4,1,credit_card,1,94.63
d24e387a9d94601bb89a3e7c54764d30,1,boleto,6,74.08
c912280e2cfaf3c48d8fe74d250e83ee,1,credit_card,1,93.85
fb37f111aa1adda72822f0a9db12ad2e,1,boleto,2,130.83
8cc9308797fcfb3a19134417281f8439,1,credit_card,1,122.36
8e114e0d7e8eda3e8f7a64a53e792193,1,credit_card,1,84.58
d481ba963e5bb677e37f9a6313551496,1,credit_card,1,57.53
d752133c6a53747a38e644d9693c3019,1,credit_card,1,122.23
a77a5affcb61756c070fc7e9cb55bdaf,1,credit_card,10,75.43
cf95e764af31e92dbbff1e4b7236b469,1,boleto,3,54.39
b7a6beb2ed791d94a7c037b5aff8d43e,1,credit_card,1,68.98
ec4f16ece31de8bd350ba5226be74e77,1,credit_card,1,133.27
b4fa785bf477649bc78af9dc251c8c20,1,boleto,1,64.95
a6e9b5ae6685c327f22d1294fd28a4d7,1,credit_card,3,210.48
1a1d07eca9b4715f88d76d5a9eabeffc,1,credit_card,3,23.09
e9f276a97cedcd0c37c983606917e2e2,1,credit_card,1,128.59
1edb568bebc19f826bed6efa31c8c87f,1,credit_card,6,371.99
2774e089a1d275059a8fcb9237c386e5,1,debit_card,2,144.95
4219eb725ba6612b42d8c5239925df49,1,credit_card,6,233.12
7bc3b7b175fdb0a01b8c674ab3dec96d,1,credit_card,3,78.46
e12ac803867432ec9de1f9efb0376816,1,credit_card,2,149.24
f01f7382e4fa62c2b398e4fc59dd9452,1,credit_card,6,62.39
e6dd8969aada8ba0137ad987dc2e10f5,1,credit_card,3,50.56
c12690a1c84db23a8ab12c8dd29dc973,1,credit_card,10,46.09
9cbf4d7de70c32806fa97de7619987c0,1,credit_card,2,55.77
5f8b3066fd1b31a39f18336dce94f92b,1,credit_card,6,288.25
aabe05a366e7303ca52267569c4b1428,1,boleto,6,78.64
5367210cba575e206ea0682e6b3887b0,1,credit_card,2,43.59
ca7e2d4e939cfc04b518c9e1db5bf8d9,1,credit_card,3,176.42
fe22a8c383a022e04d04ccf1d4b744c7,1,credit_card,2,162.85
80f378ccebb06b15a48803694b400975,1,credit_card,1,98.83
be2721cdd79b37a1b6ccece57a0e1bfe,1,credit_card,3,60.45
4906c7eef0e208b93d4b1695a66a8b58,1,credit_card,3,409.86
c11f1ed9512cd0581376ca781698a88d,1,credit_card,10,166.13
f10543f9215070d4ad44fe0cdd6b5802,1,debit_card,10,92.1
f62f7486bfb65261370ca09a809c2262,1,credit_card,10,56.31
5ffb3b71960f08b499b3bde0fa5afb37,1,voucher,1,12.93
5ffb3b71960f08b499b3bde0fa5afb37,2,credit_card,3,30.16
8d405bf9369531db3e5eed9fde1c01f3,1,credit_card,1,62.39
ecf8c9224f624e9b69e2fcb56802711b,1,credit_card,10,111.67
e318ea61d6e9aeba84d1fe3bcec23863,1,debit_card,1,194.19
28303f49ea2b9b894fcf4a3e2c4cf708,1,boleto,2,371.17
02a094324bfd38014eabfd0dcef7b77e,1,credit_card,3,211.69
575bb6ff44539a5399135320e7a38ff8,1,credit_card,6,86.11
eeb1ae97ccb49d2d92abe1cb7f1f2b30,1,credit_card,10,268.92
1f41b98bf0745dda768c73d98e76db29,1,credit_card,1,123.23
f74e54849b6382e5facf99ffb14d94c0,1,credit_card,10,83.71
12f62dc73cd6f53fd45fdfc89f99c8fc,1,boleto,3,263.97
963cae6e8563e2f8fea9c616db59ba43,1,credit_card,1,88.31
7e510fa264d2e86abaeb5ab7a8527165,1,credit_card,1,169.38
277dbdc637e4b92786e5b1581c5c4751,1,credit_card,1,235.21
14503e5b2584e91255b067537995ec3f,1,credit_card,10,163.97
9cf5fe1644aa1ea739595bb255ab4e6d,1,credit_card,1,79.38
205218cc25036cd347e151e5ec05e1e7,1,credit_card,1,80.09
667676eb662d826f86e86510e192abec,1,boleto,3,64.49
a064c0ccbd279fd871c74f6268a5057c,1,credit_card,3,186.26
7220abf900a5a790653a81fbbf966001,1,credit_card,1,101.67
3e99fd32c28c57bbac475be8c263cf0d,1,voucher,1,25.07
3e99fd32c28c57bbac475be8c263cf0d,2,credit_card,3,58.49
b9d6279b240faa2ff36450ac2cba898c,1,credit_card,2,258.44
66baff8a563653c3801f8e86f640ab28,1,credit_card,2,63.06
27c73e180b57fc736707174668a6143d,1,voucher,1,15.18
27c73e180b57fc736707174668a6143d,2,credit_card,1,35.41
0aaf7ae7fea44402570d3b3892686857,1,credit_card,1,102.72
27f5e4d5b42176c0e763b8fe65dab531,1,credit_card,3,142.66
4f54c90edb7611cde928966877d51bca,1,boleto,1,206.02
27431a1bd052857e8f8b55d15d60be10,1,credit_card,1,270.7
7395d3fc518775b3c23f58aac21aeb93,1,boleto,10,125.79
97d63070b0a4efb519ab1de18a353f73,1,credit_card,6,199.25
006a218f321284c402ec48f163a0793b,1,credit_card,10,125.15
8bac739c482d26490ab32f5625b441ff,1,credit_card,3,61.33
053b1b94ae85e8619bf63df33b0e908e,1,credit_card,1,108.29
1125e8c93f215d74ec1a1d25550569a3,1,credit_card,2,85.58
159f3cf1d9edaf6a53868606cdae0f08,1,boleto,1,73.28
edcf79dd7e26f4ae19976388742bf60d,1,debit_card,2,95.73
47a1fa036345239e026761140f862b69,1,credit_card,6,85.71
b36ece454db03f46962e9b700b0e7258,1,boleto,6,45.81
4e82263e64678700790003b9937d472e,1,credit_card,2,93.19
6ab77dd4bddc50ba594fdbf8dbb7ae2d,1,credit_card,6,203.46
3d055998c260ca067013fa67f244281a,1,credit_card,10,59.63
0097223feac90c4dae17d1993a003703,1,credit_card,1,74.86
853135f4ccafc4afc3c153c8c0e1ab61,1,voucher,1,68.93
853135f4ccafc4afc3c153c8c0e1ab61,2,credit_card,5,160.84
17d0d0fce63ab8e8e6e723a208c031d7,1,credit_card,1,228.22
81adcfe78e84687a8aba16842ec8c9fa,1,credit_card,10,82.77
776a6a9bdfdbb3e221b1107e6a40e034,1,credit_card,3,98.31
02ade14aa4ee7e8fb50c39ce88efc6f6,1,credit_card,10,45.72
8cb9b57e279cdef78ff63d7ed92fcf51,1,boleto,2,170.91
1c56cbe0dbf54731b22c79f64d7e0130,1,credit_card,1,97.18
57b525e0e222af50a131b2983292d4d1,1,credit_card,3,272.99
b1a191c7f810be73c77a0940b1cc3f7c,1,boleto,10,151.91
6bcd7ba35408c506ddc4c146f5c2aa4a,1,boleto,1,133.78
985a570fdcf07d7d3fcb545c5a586ba4,1,credit_card,1,148.43
a89ddb8c4282c052516eeddc532bbb65,1,boleto,2,156.17
559986e738f14f3db1a44be98ed4e35b,1,credit_card,2,134.72
d1a0635e1888cfc2539f916e21cf4640,1,boleto,10,60.46
8451c1a8c54c409e7c7f14c5f0fe4ca8,1,credit_card,2,159.84
d7036509047790cc3efbe96d68da3509,1,boleto,1,575.1
373cd38faf931ea53099d7f64e5abb0e,1,credit_card,6,57.23
d13a962d8706741a16ae29325a3145cf,1,credit_card,1,172.44
ba269dde39289fd084092d5c7752fc64,1,credit_card,10,73.81
8fa9ef09de4f495b11813a485f610696,1,credit_card,1,65.3
7a10b865b418f5ac783fed58c5417a7f,1,credit_card,10,117.44
09569f9bb84cc165be8f69b3fe57d79b,1,credit_card,1,91.1
7de14528048bed80fc64fa8139dccd07,1,credit_card,1,116.31
09f8d2524976dd3cf4344a1de58a2bf7,1,boleto,1,58.41
a287dd107c64df0e468154a7c5757f5b,1,credit_card,1,105.83
d5e82907d66cd55312dc4248f169e2ce,1,credit_card,3,102.2
f2b10b8dd8d4eb9950b95cecbbcfae06,1,credit_card,1,120.35
0091e9b1ab23e5319655c748dfb63993,1,credit_card,6,98.25
0dfdb74fca621b3e44cfa19699823cb4,1,credit_card,2,127.62
0944c6e5d625e7cdaf795462166c3d7f,1,credit_card,6,50.14
fcfc7f44067d8b791b4522cfcee13087,1,credit_card,1,212.16
9787f16dd965b593558d51775b4ee0c5,1,credit_card,1,213.93
1c9648c1b7b6ccaf62cb71fcb826ba1b,1,boleto,10,414.14
5d2474ab5d83baf5018046d56e3013a1,1,credit_card,1,172.82
b21382b179b62e0121dfbdc3a9524bf2,1,voucher,1,20.01
b21382b179b62e0121dfbdc3a9524bf2,2,credit_card,2,46.7
314969e575ad231b95de12d5d89938bb,1,credit_card,10,475.98
a0cd1abb3eb91bc0a0caf7b8f2dd2f15,1,credit_card,3,134.19
6c6e77173d1dcaab9b8871526fb56ab0,1,credit_card,1,24.48
d880be2a9ae228564291c441954ad961,1,boleto,10,152.88
8fda8d85520a9f1a06470faf850d8003,1,credit_card,6,277.65
3763a3b105c1bac4b98f805c653066a3,1,credit_card,3,126.16
d0ed7c33a4bc556bf630095390779aec,1,credit_card,2,81.02
03b09dadcbe64a1607d750cb353f1d07,1,boleto,10,103.15
d84ee48f72fe0ed89dffaff51065cdf6,1,credit_card,2,80.42
e08a82056de4edba20fa6f1120ff74c5,1,credit_card,6,312.23
4e387140ad125a76ba15059b78a38a81,1,credit_card,6,223.59
4bb42f61212d115e961af01700eb7763,1,credit_card,1,216.16
b68e494dd9d035e3b30e4822f463beb7,1,credit_card,3,75.82
cc2af8dfe411a1a6889d12fce7044fd6,1,credit_card,10,53.23
f8b88a896963acba77bd8a1854d3e54d,1,boleto,1,229.33
a2b7fb1681f13dd0abef394621416f4e,1,boleto,1,315.65
f81a821c3c1f43dbc6a4280c421991fa,1,credit_card,10,61.52
62b6c58122ac0bed6d112b4cbe6ad03d,1,credit_card,2,79.95
9b20dac7cff7ce327649a52a0ddf6858,1,credit_card,1,117.65
715f0fd9feff03780e89bc5f35e45ef6,1,credit_card,2,229.67
aef1c658d244bf37ee0099432363ffd7,1,credit_card,1,353.69
e9ca8e130aba10fffd16e3c1fc98036a,1,credit_card,3,105.3
2b3a67bf2760d682e7f7ebfa1a765281,1,credit_card,2,68.44
939954133112585dfc753dd6db9a7707,1,boleto,1,360.45
ea7f7f6bf044e1b6a4b04a656e81a8a3,1,credit_card,1,104.71
00a0333e1ccb27cf258e85589c01a7de,1,credit_card,10,324.5
4239433a4a87e802e6cb1d280d92736a,1,credit_card,3,82.55
894dc226e7f8cdfa8c2602597eac652a,1,credit_card,6,92.55
0055d6e906df5dba700311ee1e994781,1,credit_card,10,70.71
5c681e52af494d538e803f39222f6ce1,1,credit_card,1,90.57
f99c58ae6cb5c8f339955dd139e0f5bd,1,boleto,6,225.67
afa2c76a29d9525f793aec8990ba84d5,1,credit_card,2,179.25
c378205f9d93615cae326c53ad9e9a10,1,boleto,1,59.62
e687cc1ead123e41be58ca2d1d7e8d27,1,credit_card,6,164.05
9e00fe91909fbd3f06dcf78354a8d262,1,credit_card,1,60.71
80053fcb1e271f2b697c19e193ae1447,1,credit_card,2,88.78
62f7fc374e17911772652f1e47b0c1ec,1,credit_card,1,105.98
8341afde5452dd67475e2bbe4b0ec40b,1,boleto,10,186.19
872a14b3fa3a6c5cd76bd449475f6ff7,1,credit_card,10,99.12
a2bafbbe731321cb216ad437b4e0a890,1,credit_card,1,305.99
82ba6bebdc9cb3eb9f6197b458c26f68,1,credit_card,1,50.1
fd7a5ed588597ffad73806f1b1536a03,1,credit_card,10,159.87
b3d205ae8aa4e423f1da8d086d6f0d8e,1,credit_card,1,69.62
210a6c4da67eea7cf43bf412316070c3,1,boleto,1,81.97
5676dc0257994d7754c0d4f427033a33,1,debit_card,2,110.32
43b9fcf4e5d4b443ed6c30e4abd3f914,1,credit_card,1,46.93
983a51218e1edf2ba2dcb2030626cb30,1,boleto,6,154.82
82f1417e2a6b5dae7db2517a73297c98,1,credit_card,2,70.07
e015bd1b5d5323e58391f85d4ce48e87,1,credit_card,10,227.29
62be5e5ca173eba1793cd1d922b089c7,1,credit_card,1,48.52
e6b39de48d3ab986d29f222c16ab05a3,1,credit_card,1,267.33
c463190a99cfc5aa36deece633beb361,1,voucher,1,25.66
c463190a99cfc5aa36deece633beb361,2,credit_card,2,59.88
873e21b2a50cb05b8b87760e8e59d128,1,credit_card,2,50.55
fd922b6fb21e2700e1476a7fb6267d96,1,credit_card,2,401.93
75901dc5a72c3d57dc12e54bb51dd156,1,credit_card,3,106.26
dcd771f598e1d542e9fbbb506710610f,1,credit_card,6,142.59
e3b9b408566feb1767fe1658c0acc371,1,boleto,3,136.59
e4e805bd1d44999bc4f094b29ec5d42a,1,credit_card,6,162.72
f1984c957ac7979abcf11ff66e4429cc,1,credit_card,1,83.57
e442069961162d0db3faec9136d43b13,1,boleto,2,91.53
3b41e31afdddee70d87aeda7f890a006,1,credit_card,3,45.68
202e608cafde8320445dc28ee83783fc,1,credit_card,1,41.58
11d37b121d0e77178b291819087c46f9,1,credit_card,3,86.42
23604ccf4b2eda84544d35009379d429,1,credit_card,10,91.64
3a5b201d8d0169b3367de663b62b56d5,1,boleto,1,107.32
b4a31d6aa021a41d2c79956d49d5deec,1,credit_card,3,58.07
ba900186e22f1e2a2140c6918f7440d5,1,credit_card,3,119.47
df8798f24d4e2528c4775de9bb4099bf,1,debit_card,3,98.5
d40c46db8e0fb501c55956f6ba2181f7,1,credit_card,10,141.19
22336d1487944b4cab2bc291d3452c2c,1,boleto,3,76.22
921565ea08fdd0ceb4d026a4c0a1451e,1,boleto,1,153.17
82844c24991bf365c5fe77f716fdef9e,1,debit_card,3,65.93
fe35d237ffc4ab9208732efbc249a9ed,1,credit_card,1,88.98
22d117dc31b203cb35783e64ee429722,1,credit_card,6,230.34
721e0a41be396a773454793408b625a3,1,boleto,1,112.45
e4c5f25c043d70e78a549fd862b975b9,1,credit_card,1,28.01
86b3468821fe4bdef6285e40b9cfd83f,1,credit_card,10,438.39
bc8767f0e958af86e07fdb556f34f064,1,credit_card,1,84.07
1a68ea2027179b322b3cca346191f9b7,1,credit_card,2,148.61
264d4d0e0db71d95080405dc379a7280,1,credit_card,6,431.47
bf6f287405dd2002ba2d835ff85e2283,1,credit_card,2,201.33
a82cbed3b50eda50c56afa5bf00dc347,1,boleto,1,360.16
7147d08830fe71418d99a727167f0607,1,credit_card,1,314.21
1cb27402ff2abdf72d4308b05479594c,1,credit_card,3,30.77
fc29cf3c0b55ea8856891531cfff52ca,1,credit_card,10,267.55
2f322e4d118e740707fa88fbe260039d,1,credit_card,3,111.91
7ba7ab2313a95b1e7e118a37a90714a3,1,boleto,1,340.75
aa6cf97b0a95d1e143e34297cef13f66,1,credit_card,1,70.56
1e2d5c821c33eea22b033fe617e2aa93,1,boleto,1,47.94
999bc18057418749a9a9fb2cd0e4fd8a,1,credit_card,1,737.86
8a868900e05e8dcd0ae15addd6ff6a05,1,boleto,1,104.61
981850976ea48dc065fbe36d5729b73b,1,credit_card,10,124.48
889d8cdca089acdac2d72b23acaae9bd,1,debit_card,3,89.12
ce7fd5509bd70f6221256b1f632dfd91,1,credit_card,3,117.67
f3ac25cb7f4b24b9ef4c37d0d26567fd,1,credit_card,1,198.15
5452b7110443b76669e8d3a4eb2592b9,1,credit_card,2,134.03
d7c3ba39ae505fe73263be85dbadb28b,1,credit_card,6,121.04
6f6a86e8ce37626dc13beb6a9dd65ae9,1,credit_card,1,419.06
6f65def6790a6959658ecb2a70fe5439,1,boleto,1,203.32
436977caf466e6deca54868741c5cf55,1,boleto,3,134.62
a21821b2cab4f0e634bdd8b7bf0e489d,1,credit_card,3,358.62
f3dc284b0b877e53de1386dd9557d591,1,credit_card,1,84.8
049b91b07583d0cc01a1f7da417e9ecb,1,boleto,1,24.75
b554204842ecf21c6d39b3262237c214,1,credit_card,3,85.38
8ffadd2bffea1eeae0d70d92940a078b,1,credit_card,1,204.41
1aba0afcebe09d13328473c2c134618f,1,credit_card,6,98.87
dadf01c57dcba8f8c9601d846eaeb002,1,credit_card,2,69.21
f3651230864a832ab9e32584dd2f8c09,1,credit_card,1,251.68
acb456d33945c74b4e38b2d46eae629c,1,credit_card,1,401.83
3351c6b1796a98189ade04deac6dca52,1,credit_card,3,142.72
955791e6d1bb562242605e089e78209e,1,credit_card,1,163.67
dded21d78dd0b1214797a5e459721f8d,1,credit_card,1,72.59
cf9072f12d3ac36b37ea98bf62e61e64,1,credit_card,1,50.63
d27e1047325226757c5656bfe7471ea0,1,credit_card,1,140.94
16526a596d577ccc058ff66ed5a38c5e,1,credit_card,3,310.15
91ea8f4937ea76eedcd99a8e18484650,1,credit_card,6,109.64
3479e48e871805a3747f61e7f732bc85,1,credit_card,2,29.79
c92f1bb1a9c8cdb2cab761833eaf05b4,1,credit_card,10,163.21
0dd884f1c7ff35219fffa3f79e8b5907,1,boleto,1,127.38
76815950aec002642e148440cde74c07,1,voucher,1,31.05
76815950aec002642e148440cde74c07,2,credit_card,2,72.46
e8f8e1533ccdb4f3910db5e508540fb5,1,boleto,10,115.21
6fc469f723596be8dece969783e572de,1,credit_card,2,76.56
b5674b5fd3162db903d0066e56ad73c0,1,credit_card,3,534.47
c6a59693704aaa017256c86f270d15be,1,credit_card,2,101.98
bcb9e638b0200b6d91b67a234f7f85a7,1,credit_card,2,89.8
1010a064ce2620ff328529a15c463ee1,1,credit_card,6,52.99
824c29806a2dcadb6a240811c3a87fc6,1,credit_card,2,59.97
0bd57513e31d5f0f623b2e738e553ae7,1,debit_card,1,302.3
9c705735087144380c69aef948f815a2,1,credit_card,1,115.34
6986dd76c1840a08c0b05405196e5344,1,credit_card,3,170.36
c8eeeaad9808bb94713d69093d5798e2,1,credit_card,2,51.04
cb3ebc4ccad028bc60fc9ea0a06933fa,1,credit_card,1,150.85
8554e472fd469c7ee21cb77fb4f3bc13,1,credit_card,10,87.79
21bb549bbc194683d987e067112db7de,1,credit_card,1,111.36
716d7b796e6944d38296043caf5c0047,1,credit_card,2,133.86
2f856d05e995bd6730026c19fd27f49d,1,credit_card,1,105.78
9493b46e4ba40f5ceb15f36ad55d8b73,1,debit_card,1,140.94
1bd60de523d2b143fa75aac4e3b2a723,1,credit_card,1,92.8
25427d14c349263f6b241f7c05acf9f0,1,credit_card,10,455.21
b02afeaede9795117421c0036210f992,1,credit_card,10,135.93
698a306543db69c8aef392c2655ca3d1,1,credit_card,1,43.56
3189b9e04d7acd16b32cd2075e493434,1,credit_card,3,146.82
d72f7093a4566dc572f6f59817b05872,1,credit_card,10,67.98
6033f6a1e3ad6424feb9fe3b363debee,1,credit_card,6,66.93
6ce59d255201aa7da5e5754ce177edcd,1,debit_card,1,88.4
0c8a8d840c888da577a4788ca7579b0d,1,credit_card,3,51.53
51642de2a2bfd9d033c8a51f7318dd3d,1,credit_card,1,398.03
7f23a32fba18a17b7d74dbf11cedf027,1,credit_card,1,127.97
f65067e06b941b94918f979216cbc3cb,1,boleto,10,90.83
285b54bf8efbdb582fb121851d1dd3c8,1,credit_card,1,135.09
1431528a9002e0d3d853ff6ec7edf53f,1,credit_card,1,85.36
3273c75e41af5cbf9c9faaaee1ceb686,1,credit_card,2,102.26
1b57856c005b8b64f52d67c7ebbb0653,1,credit_card,1,140.06
48a93c9352c60a7de8997388559631d7,1,credit_card,1,76.32
cbcd9eed0cfc3b776ac86a300cf6812b,1,credit_card,6,307.73
fb039d53572de5e0849458ec23f664e2,1,credit_card,1,152.13
1c3359614a4a199e1ce736df80f78a72,1,credit_card,1,67.72
673b1a166418d23485443479f5d9e94e,1,boleto,1,150.33
508c99e184732bee0fc765ce30d0ef78,1,boleto,10,81.76
d04453540a1323efccc26a7870e61fa6,1,boleto,3,162.78
0d40148db02a8bd4d7c436fd4ac7e2a5,1,boleto,1,248.11
b5a6de72c0e16f34f418bd37b952b1bf,1,credit_card,10,164.3
ea0188c7e75e976a5a2f237b3b74adc3,1,credit_card,1,44.56
8d3441828effbdefb92491d90191bb80,1,credit_card,1,63.99
29b2b9012bdb4b39bf8d7ae34724b718,1,credit_card,1,76.05
07cad14ebbe5c3d755ce011dda7f1ca8,1,credit_card,10,90.14
e0986ed751f5d47bbfc6cf2bda030e73,1,debit_card,6,134.94
3e53042904ca56c4cd193f76826a17bb,1,credit_card,3,141.04
368a2097417cf2ed7ede0a0aaa0f0335,1,credit_card,2,56.64
15c83934a82cff5f2166ee8276d946e6,1,credit_card,2,137.29
398e1c1179ff479981b5b4d94719a40b,1,credit_card,6,95.94
31552a429eac4a1554da025a828f479a,1,credit_card,1,52.32
327cff9d5ae8d92cc489d6d7131fc388,1,credit_card,1,128.67
23cc6f7fc79591e5749dbcd709e83067,1,credit_card,3,150.92
769727cc53885f74283321303e000000,1,debit_card,3,108.64
248a188f92cb5e1f9702fe56eef9c4ab,1,credit_card,2,122.77
ba9513e932a3b4be4553ec8675d5d68f,1,boleto,1,574.38
dd57077aa59007bd29f8a38e43c883fe,1,credit_card,6,60.1
277b35aaf8a248a9890a697b51153d21,1,credit_card,2,203.09
0baa8cff50ef5abd7eef3275ce4d2b97,1,boleto,2,110.61
5d3939b0751d0be7abedb162bde11274,1,credit_card,1,418.63
ab1e26b75c4e3ef222d5df3df3c352f7,1,boleto,1,159.52
5ab64d5ce5567d9bbf9adb75b2daadd1,1,credit_card,1,176.09
07c83e89b5e2cf5d454798d9d0d1cc8a,1,credit_card,1,36.94
7d88c4456b850d90e6612633ee66932d,1,credit_card,3,184.75
e4df66573196fb2c41e8e0b6115596d0,1,debit_card,2,55.39
215365f0fb7eec4d1afecb033a4cdc8e,1,credit_card,1,207.49
d86399bd9597846a85bf10c01f097e90,1,credit_card,6,58.15
e2d033eb00c642f5dd1d06776f174420,1,credit_card,2,102.97
720008f320c06aed64b25499ad5a0110,1,boleto,2,134.01
f290dbceebe44942e0fa5874c8bb89c8,1,boleto,3,277.99
3677831a93329c57475b7b4528fcd09a,1,credit_card,1,90.13
c6012ed5f883f532d56c02870cd837a6,1,credit_card,1,73.27
e01e423600370f2cdaa4a023b956908d,1,credit_card,1,195.05
45b91b527fac17b4065f73c10b420d1e,1,credit_card,3,61.27
7d630ec0b537284f7a5ed265e45c69c5,1,credit_card,6,76.18
926b8a67afa0eeaf421bf29eb5740cf4,1,boleto,1,173.85
d3df72d2d47e021d5d0660991231b8b8,1,credit_card,10,72.51
64e0638af9008cca7b0c65ef406fede0,1,credit_card,3,233.56
9b799a18e3f1fcad6a06007d0a6441df,1,boleto,3,118.01
1cae8ac7ebf9c85b1bc646fb143807de,1,credit_card,6,105.19
a67156dc3320c6808bd43a8de133af3b,1,credit_card,10,470.48
f2f03734b42473b76bc0702678747404,1,credit_card,1,85.23
50142ffe9ec232e5ff2ecfcdc96057b1,1,boleto,1,69.88
9a0422613c5ed00ecabfe4eca1d5df33,1,credit_card,1,58.16
58b5dfedf2b47627c0c62677308b5be9,1,credit_card,2,539.55
7d511b32387a0203a4a03177a12d7387,1,credit_card,3,95.64
352b709119251284a4446030ef096b32,1,credit_card,3,242.82
50a7a8135cd56c6dc99a68bcb262a22a,1,credit_card,2,563.36
01e89a9ab5219376ec5b9593fb07407f,1,credit_card,6,56.21
83b4e4b457944a7923f88146f9b86035,1,credit_card,2,87.07
692b6788bfa1ec074bf3a240558d220f,1,credit_card,10,249.87
45a4e538bc9c87a765294e63d7cf5786,1,credit_card,2,197.28
387e6f2a13d5a00d8b8d32f00bd648c2,1,credit_card,1,170.34
54136df9cf5b71c297763ab7aae8ccdb,1,credit_card,1,197.62
e7c9ba3e5b219203be4faa6caea9abff,1,boleto,1,95.72
ac067d97c7ecd24e31438cbe2d451b5c,1,credit_card,6,136.76
3eed5fafc10058ca04dd9975e3b5dd9f,1,credit_card,6,131.27
cdf3c68211701ddc95eafedc6bbb62c5,1,credit_card,3,150.09
3e0bb12b31e184c1ed9d3f5512bcfbca,1,credit_card,3,105.75
01ff591203848bb1b073366eb28e90e2,1,boleto,2,65.3
f9f34c61771717981d12b2e71d8243a1,1,credit_card,10,155.75
bc6c4b7faee8e33c238a84673bc27b50,1,credit_card,10,73.42
f3fd600522bd31e5bca285746953c586,1,credit_card,2,73.67
5285a7db728619db07082f9757bc5663,1,credit_card,3,68.61
e71bef257f5f7a16158ed5c101fdc5af,1,credit_card,1,98.24
aca601d110eec3d21070750e50969bc4,1,credit_card,3,122.21
fb8fce928adb4c5c3f178495f0a60bc9,1,boleto,6,87.78
c22559137779bb5bf297de6adeb86e1b,1,boleto,10,56.97
2be0b091f512b62875657945fa7d0429,1,boleto,2,289.29
6a9328448d8809a0bba8aff18d963c7f,1,credit_card,2,308.5
43d582db936bcbf6e3b047a543e011b5,1,credit_card,2,127.49
2d93990949cc48c8632c5487a91ee2d3,1,credit_card,1,314.21
772d7864f5365ad256f04f7d0c78b206,1,credit_card,3,282.33
10593a38cbb9a251dbb99911cc89edf2,1,credit_card,10,72.96
9ef8cf0fcfb4fa80eda8baed8ed3f722,1,credit_card,3,161.42
d799aa72390be8d679c688b6a4426d1b,1,boleto,2,92.89
d21f98b3a8fad545781f62599324e145,1,credit_card,1,124.7
03dc2cb7b778d15c6cefdaea6210ab22,1,credit_card,1,123.16
3e820f4da412a98346c372fecd15191f,1,credit_card,2,73.01
7de4e475a8e03d6b151105eb0d2723c3,1,credit_card,6,73.26
f0fbf9d51507a93eb6e962b392027568,1,boleto,3,213.58
1383c87368599322e298cb7743723353,1,credit_card,2,57.09
4d260cb8a66d48438775c84a163af696,1,credit_card,1,77.25
4fa7a6ee60a2362874c59b86f44209b1,1,credit_card,2,159.71
509d59c48520214ba7a2a01ef94b43fb,1,credit_card,2,56.95
0df5cb673fcebaad741fe5479432b7c9,1,debit_card,6,51.93
ab7e5d6e977c530e15aa772be4ddf2e4,1,boleto,10,178.52
958cbdacd31d56813cfe61bc24f6106b,1,boleto,6,100.69
c0e06982add788f49db6787feeedf607,1,credit_card,10,153.83
7ce02e4c2d6fc8b6d7d0ece952d85832,1,credit_card,1,74.89
dc0f050514b931f26a99326dad665a01,1,credit_card,1,151.1
20efd02297ecec56113f8d7d67727fb4,1,credit_card,1,258.29
3c2cef2f2215ee0d401cd0416c05539e,1,credit_card,1,263.57
746c0e6b7d86678b5a502701bca5f784,1,credit_card,1,380.95
034b3b2526b81db9c0b739f3b0c4bb27,1,credit_card,1,148.24
a6a374d9646ca6f33a81481e64aba2d7,1,credit_card,1,65.51
d86db68a204affea57cb90a8bd590275,1,credit_card,6,61.77
f4c98a799971d61fb9257691cca06420,1,credit_card,10,45.24
aa99d68290450a45edd0a30fb55bf7df,1,credit_card,3,67.09
08b1c046ea66d601e1aff6f2f4e4c5cb,1,debit_card,2,160.7
1b27c7e1620337cb6a41ebc807db5cc9,1,credit_card,6,25.36
330804570477bd1df1bae62229f4cfba,1,credit_card,3,131.97
bf0b24c87ec26db7885db755a75f98b2,1,debit_card,6,36.37
e3938d98f757507a0e3b8325abe8e840,1,credit_card,3,69.31
59a39d2e0365d0cdf584be70337d1d2a,1,boleto,6,71.04
fcbcdcb96b32648fadebefda7299bb11,1,boleto,2,165.31
345bfbb2aa1d481291878942c1981ea6,1,credit_card,6,56.37
d0134e67dfb4e0bdc8408d88b44ffb05,1,boleto,1,222.61
c02a8cc75773567b52d95cce60c4f0a4,1,debit_card,2,82.83
1cba4396d1a5b29a1a5fe46beced079e,1,credit_card,3,83.06
f3fc752d82575b1b51ee075a7c204d12,1,credit_card,2,44.26
313fb71e67058dfa222b88d5a351de16,1,boleto,10,231.45
37318edaff666f94e46ba2a0f3e27bb3,1,credit_card,1,336.08
bb7aeef7de1731e3402e4222946b835d,1,credit_card,2,106.52
725ffd6ffbddd9cf4ef022e1025283ce,1,boleto,2,218.15
35fd933c2cc23f4089cbc746f172a96f,1,credit_card,1,123.94
cf584f82d34b89eb83fc2d740c91ea34,1,credit_card,1,167.83
54cf7750a2baad72888e552c00ae5c84,1,credit_card,1,56.35
a25b19bbd44dbeca82d8426f3302278c,1,credit_card,1,290.06
a8a5c8c3a945ed303e6f1bdf2b3f0b1b,1,boleto,2,219.58
8c83059ae684fcf6abe5b1fcf54d1238,1,credit_card,1,212.21
8fa7c6c23d5d8a24f921f178c9cfcefb,1,boleto,10,62.16
f97f3594552bd2850535e796cfe84ae2,1,credit_card,1,83.26
e3c10d30adfa57878722b46f64fcf169,1,credit_card,1,60.08
2762be9fa3b039f480462b1635f0d2f0,1,credit_card,10,65.42
42f9d8572643a4f550aa528375be2f92,1,credit_card,1,73.08
2e4b8f13302e450c58817e4efb4fae54,1,credit_card,3,46.74
dc3541e7fa068c0863ad0b29cab71e01,1,credit_card,1,352.25
cd47c86674345150a968cfa874d11640,1,credit_card,2,86.09
1e1f83d8d70e9627963b933bc52bbfb4,1,credit_card,3,168.6
4165406cd5a8f2bc9f4c028ec05a2e08,1,credit_card,1,78.29
96b46969feb111fa42351ff84472e10c,1,boleto,2,238.54
b6c53b98a5c674095ac7795824937816,1,credit_card,1,53.07
77004b057e841271d8c2ccf26597af91,1,credit_card,10,209.35
eed4035b22afb20265cbb014763c2109,1,debit_card,1,137.53
39f7a64278a4cc9cfd9e5c8adeefe02d,1,voucher,1,29.84
39f7a64278a4cc9cfd9e5c8adeefe02d,2,credit_card,2,69.63
12c2637ae9da53bc6f30a486bed3751e,1,boleto,10,67.12
5d8aa07caa6460ce59082641bc2dc193,1,boleto,6,88.84
06637e426e4e8497504acfd63f1b39b8,1,credit_card,6,228.93
b00e454a6c50f6d77e15559bfe5b910d,1,credit_card,3,158.72
99e1155b8e38f2f7d70ee61cc63ead20,1,credit_card,1,184.83
8d88a36b0888671afe74c3525704c077,1,credit_card,10,74.79
72b14022f67983c36e1f42b8e7dd1c75,1,credit_card,2,145.39
bebe06ea427cc907d7eaf3b5b957a6e9,1,voucher,1,28.31
bebe06ea427cc907d7eaf3b5b957a6e9,2,credit_card,5,66.07
ee9c33d1b4d96a28b95f45e0e029d295,1,credit_card,6,102.3
38209f5684a0c5630940426df6e088cb,1,credit_card,6,113.58
34b34319884ce5441f6d9530411ae887,1,credit_card,1,230.42
bc679ccb3d036a63f324d1282fafff42,1,credit_card,10,421.9
726c53f08bd782dea4750b7e15be2848,1,credit_card,2,164.36
60e2df18b6027ca63a2ea5c708eba0a8,1,credit_card,10,174.25
86b6a6772d7b02b096f96766aeb6518a,1,credit_card,3,84.91
55d7449c8f6e3160b65c0ef81d614e93,1,credit_card,6,125.99
053409872298e3d0cb5718cedd797f9c,1,credit_card,3,97.89
5a60ae76f0a87dd9a193ddee43e21f13,1,credit_card,6,183.46
f168ef72c245363e34a6eaac418a775e,1,boleto,6,114.83
2ead0be0a0b45327af8b8fb1e53b7a49,1,boleto,2,84.02
d8fa1fe2fd29f979ee23e5926309156b,1,boleto,10,229.88
c9e69c34a3963941b29a73ea9c013151,1,credit_card,2,83.56
adc753265bd3f5b00dc6f1f7fd976fd5,1,credit_card,2,395.23
987f9999cd43a1abc3f2acb629c6b5b0,1,credit_card,6,83.27
c6a35eb8378629df3f4e35ce92e9d58c,1,boleto,2,169.37
b8f160e41028ea565fd956b1a569ebd9,1,voucher,1,143.68
b8f160e41028ea565fd956b1a569ebd9,2,credit_card,4,335.26
24cace84f3558fdc5b5831db3c4c2fbd,1,credit_card,10,118.62
0c92fa098bdc57a286bdea2c0c9da1de,1,boleto,2,360.47
7153dbad71b7fff3d1368bd94ce3a5b3,1,credit_card,6,172.52
e885493451ca2ab60238676a4a2fd5ea,1,credit_card,3,280.97
3479f3865d6611996f93056c638cc8e0,1,credit_card,10,108.37
47153ea77bbe4de47a0b06937a3b94f3,1,credit_card,6,108.23
96d5727852dd2c900f4ad88deb0b8863,1,credit_card,1,95.79
5e514265b6b3c921e074cf5a31db1398,1,credit_card,3,208.99
94bf52863830a7cf74a5e6b0780764c1,1,credit_card,10,94.58
f3172b9fb0928aeb2e955825b5ee7ca9,1,credit_card,1,62.23
50bf964eb63b25db544f06507eae1b6c,1,credit_card,3,124.8
c809029e732cccb98d83b04e3e097879,1,credit_card,1,496.28
6cd031a7dc401520fa4fa0ff3445b47c,1,debit_card,2,82.59
54058a012dc829e00a0268074b2d91fb,1,credit_card,2,100.03
947148e24d8fc6e9c341f9a2efb2a181,1,credit_card,1,118.2
a04e33bd214fbee823457bfe96502ed4,1,credit_card,10,108.06
09d35e757c09102718e741eabe69b262,1,credit_card,1,359.31
934a5d8faffb1199029f745d4d351375,1,credit_card,1,88.11
6508941473d257938025eb3697efdfbe,1,credit_card,6,262.5
e881d4ded5932f7343dab136151dcdb3,1,credit_card,10,155.5
7c2febce81880021984dcca241192e85,1,boleto,10,103.47
53573ede27a8ffcf484c578f30f7d6e6,1,credit_card,1,626.97
642bafb026bb66701262db567887343f,1,credit_card,1,114.08
a3e1de7c7243ef08f83336538994e7d2,1,boleto,1,99.14
35909433805b7c77a56b3436706b771e,1,credit_card,6,90.35
89a9b21c229aa1476c62487f3fe140e4,1,credit_card,10,386.48
614b58b8b739b7723c558ee22ef004a7,1,boleto,1,364.19
907802120983fd671075ac3286010a70,1,boleto,1,66.93
06b2d29c27b19b69f43c9f5ae4c6ed5a,1,credit_card,10,266.43
c556bc04f6cd5a042cb61d24add30b59,1,credit_card,10,343.28
3dffa2aa85f31c88d5f9664799415464,1,voucher,1,86.25
3dffa2aa85f31c88d5f9664799415464,2,credit_card,6,201.24
35a056373164e87948627ff2009af9ba,1,credit_card,1,94.79
18308f4c610f549e1df1d63b3b298d59,1,credit_card,1,136.7
6acd5724cd752ade2844a9d65bad29aa,1,boleto,6,73.8
4d0f41b3aa0f14a814c676e2499cc7c2,1,boleto,1,663.14
513731aa1b1b9803f886a4fe7a33aa97,1,credit_card,1,41.75
8af1934e0db27d4fa79768b551465018,1,credit_card,1,79.14
6174496e964e3cf5785a59525161f577,1,boleto,10,251.52
11d8f7b4d7a66a52fc9a1ff4b515cd4c,1,credit_card,1,182.33
41d2a6e96cb85bd4496035f27ec87a51,1,credit_card,10,67.02
6da0d5a3891868eb7bc8a925a393d432,1,credit_card,2,126.72
8080a74e6d33c65eaa33d95b1801ea1d,1,credit_card,1,72.42
085287825ab3f581f02645a4a83e64c0,1,credit_card,10,150.39
82b19a0806a355729c85a324e4782698,1,boleto,1,196.58
b066ae7f2cc3d4d36cb3c9441f8fb24b,1,credit_card,2,124.9
9dcf3c3fb57b11709e1beb1310c4f8c6,1,boleto,10,630.04
c8ed9866ae5703b4f5fd2dbb6c1a3f9a,1,credit_card,1,151.58
2b8d7660db29818b3a67db6b2e6d99c2,1,debit_card,1,301.96
9e0577f601ab89d8840fb04b0dd87fd5,1,credit_card,1,53.64
0faacef77204e7e135783061cb002182,1,credit_card,2,72.19
0ed6653b526f53f3fe100cc5847933e1,1,credit_card,10,323.06
7d75854f3eb1f4ef984ff5dc068b36e9,1,credit_card,1,61.48
4c6f016ab1598c09f94944ad72e25200,1,credit_card,1,168.71
05cf46ab9af78021f83de518a953aa5a,1,credit_card,10,74.6
ec5981905eb20456ebd4e983e4bfa939,1,credit_card,1,229.84
6ef2dd6ef41431044592a707c902ada9,1,boleto,2,187.63
7873842bb259a50f0a1e290187c4a4b6,1,credit_card,6,60.92
f87ba01bc4285a2edb5464687bf4106e,1,credit_card,2,218.08
db2e59b016885dfcdde75749113b436a,1,credit_card,2,256.61
3c108cb967b9b1f9e5a472ca414c2daf,1,credit_card,10,106.25
1c8c3cd059c1a48a25e45a03db418f9f,1,credit_card,1,102.45
03f7821bd8c9fa29eda84e70d8702c30,1,credit_card,10,80.09
f821a40522803be70e2f07a5ecdc7b52,1,boleto,10,167.33
2f09dae6f8b81c8b45802d18b099e44d,1,credit_card,1,142.22
07f7009a8a51819f9c315267cf9ad7aa,1,credit_card,3,333.78
961f8ddf108b90d0feb6bae29072c5c8,1,credit_card,2,100.67
04b4baef945b3dd7bca96822d327e3a3,1,credit_card,2,308.0
cf49d9fc0709e2e025244dcda74d6072,1,boleto,1,92.0
795aff913e09c3b16289487a4cc6e094,1,boleto,3,85.93
761c2613b7fc799a8ef01628f4446f7b,1,boleto,3,92.75
386c3ed87c6f8a0951161b26be6038a7,1,credit_card,1,207.08
951ac6961435e9f707abbbee515ea0d3,1,credit_card,1,74.71
1a890fdcf197a1772f54a47901be6a20,1,boleto,6,78.3
6d25ac2597f3a5deb14526b0d8b2a4ac,1,credit_card,1,218.98
e9ab256541b506f953cc3391d8ebb11d,1,credit_card,2,73.28
c9eaa200d3cc60be8ede02cf8fcf4d2a,1,credit_card,10,429.52
89efff8187b05c5404ceeaeea1105dcf,1,boleto,3,189.48
88ed8d566dde53580b49914402b750d6,1,credit_card,1,351.66
72e317afe62ce1880164cc5d0187074b,1,credit_card,3,100.09
288f8b615cc4f5231c59c70c26aae14b,1,credit_card,1,279.45
210995a2cc2f564b67ae6237c15e1790,1,credit_card,10,60.94
b48d5c1b6f83054113aefbc7c0d6c3d3,1,credit_card,2,267.35
a2d0d985333910e8ea2e354c892b4a59,1,boleto,6,92.99
e338b6c37f1a8f72a0f387e9f3a49ace,1,credit_card,6,504.28
4c7cfe8954123c717dae6320ea61f108,1,credit_card,2,45.35
c2c1c69eac2818cb7956f9538298d8db,1,credit_card,1,135.84
375d6f24367cbf3bd67de719ea08fb3e,1,credit_card,1,260.47
341e30371f835e17d8fffd02d021dc98,1,debit_card,2,67.12
1bde7063fe02fb7351d242ba956ab298,1,credit_card,1,215.24
c4bd7bba010a8e8062f73ff791eb586a,1,credit_card,6,65.27
6d3700ebf3ce1b5a6b2084a79b212de6,1,boleto,6,132.41
a7f8c2d4cbcb7fe9e052c6a8a015a8ce,1,credit_card,1,527.31
74d2bd8ec94318fb9c11a1d79c741665,1,boleto,2,38.26
b12a3f14eafdf7ed608caf338a081a61,1,credit_card,2,127.08
b4bef407559d1417c6a41868a475516b,1,credit_card,6,97.72
40851dbab8fcc7fdf7298f09468a00a9,1,boleto,3,109.6
d7ae0952510d729ea986345282d0c34f,1,credit_card,1,58.68
fd32d0a9507ebae219510f90060230b7,1,credit_card,2,272.38
3365bd5e4fe9790ee9f660a98f3f5876,1,boleto,10,74.5
56fe58974f14709852b50d5cdf7d51c2,1,boleto,10,139.1
aaf73dacadc2ecf7883f3134a0900fea,1,credit_card,3,239.28
5a340ef1e091447692b100e6b37c8bb8,1,credit_card,2,247.34
7eb8d108f5a51dbe9a64767c224733b8,1,credit_card,10,60.01
901b8db91a4f6dd44bbacd1cc6079d81,1,credit_card,3,110.32
7835e67b5d1d3fe0a4ac4cc457a6b26c,1,boleto,2,129.51
529b08573d182a904ade9ff9a601fc42,1,boleto,1,366.97
073c002fdb1160425eb330dd0ee8cae8,1,credit_card,1,148.58
b34b5f0729bfc0ce542cfffaa9df0fcf,1,boleto,6,108.76
19c17f740492215a9acd45f0be0bba51,1,credit_card,1,38.02
62073af1e590fd88545801d87ebf1f9e,1,credit_card,6,524.33
dfe4f17c0dac1724a6df628ee5c0eacc,1,credit_card,6,114.3
4299057dab17eb1829dc5cba5910d841,1,credit_card,6,75.42
931f7f9df7424101019fa7384727f854,1,credit_card,1,35.32
216db33d73f34aa96f3f7de4880035d0,1,credit_card,3,96.07
5f3df920a76f99f16467f6d22f74562f,1,credit_card,2,67.19
df58f6e1e425b5b74c05d9d1c88e4acb,1,credit_card,1,57.44
5a0390411c86d33860b99046a63b6c9f,1,credit_card,1,65.24
7610468f8cac4e320c76f9e6ac504267,1,credit_card,1,153.81
7cf5e30741e1431f530f5e8fe63de1fc,1,credit_card,10,59.08
9161d0890e51dca653782b7ccac8d16e,1,credit_card,10,121.53
43000b4c993263d6480b480d4e268f27,1,boleto,10,441.93
14aa1503dc31d0004eeccb784a9feea1,1,credit_card,6,362.02
0f08437f3b00423a0892436101bb32ec,1,boleto,3,121.54
3b7eebe6674ccb71cf4faa6edc77be61,1,credit_card,1,127.58
56c040a0db91d9dfa5e04d585037ac91,1,credit_card,1,171.19
91a5ef7a345b2edcbd1f8d7f1893aed0,1,voucher,1,37.66
91a5ef7a345b2edcbd1f8d7f1893aed0,2,credit_card,6,87.86
58e895c1bc1367ef5d853afc2feb27c2,1,credit_card,1,59.34
d9a1170032adec605ebe5f7415986e2d,1,credit_card,10,62.42
1343fa9fff0ba26bbd1517d28cfe6345,1,credit_card,3,55.54
968cd2c121aaadacfb8a27efcccb9f67,1,credit_card,6,168.63
03c4033760b1c3b9bb0ad480fffb6cbf,1,debit_card,3,72.98
867911d407f30993c334f2bc623393ab,1,credit_card,2,97.32
4def1a69cd106cd10e08caa08119f67c,1,credit_card,1,71.78
b116b9899e7e7a565b57938162ee2814,1,credit_card,1,39.67
618cd01a1dc904f942ff97a7db66aca5,1,boleto,3,38.0
90d0bea1d9bf112f07a779132d376d45,1,boleto,3,153.09
66f9d912f46869b61cae532706f80c33,1,credit_card,1,99.61
d5bc5ae0962444b7ef298ae3dd637ce9,1,credit_card,1,61.78
608fc6f2ae8192f72440beb764502bae,1,boleto,2,39.58
999cac541aebce34591a4561fa3fea1e,1,credit_card,1,96.54
323f58d3fdd9c36f48a56cb7f22767e3,1,credit_card,6,255.78
bf07ac86dc492177b5f016aef6bd2327,1,credit_card,1,59.03
23956105b01c040a72f6ce92cfbb37c4,1,credit_card,10,32.8
33c05ab2ea6f30bde87708d852b0230b,1,credit_card,1,96.09
c2c66f9f06bb9c521a735d49e75fc829,1,credit_card,2,179.52
27bdfccd9095c6139491c28792d6f65e,1,credit_card,1,55.39
c7696a46090af3e08772dff7dab92589,1,credit_card,1,38.9
d8379ad103406edc5410d3d90472e005,1,credit_card,3,214.31
30cec6d80afadc21c18c3b377d30e5e4,1,credit_card,1,76.64
cf73151c5aae52bceebf5afe088c773f,1,credit_card,1,81.94
ecda01ef61ba802c76158d0249759160,1,credit_card,2,144.46
8ba1c9e30388045204d24b37b9e52587,1,credit_card,6,57.55
b14678a6432647143489a7b677a036a7,1,boleto,6,124.89
414c61dd69944d007d7617eb49464397,1,credit_card,10,142.35
a6d36bf90d2579be687885e4103ee46e,1,credit_card,10,102.6
0ed020b8fedbbac3c1bfcce4f117b0d1,1,credit_card,1,61.24
adde3e1210843e0a07840aba8d734c8b,1,credit_card,3,535.07
afc3fe8ca670e4b0e041dd699c78f51f,1,credit_card,3,66.14
864ae915e3a2579a7ef7b53bb6e7dddd,1,credit_card,6,123.72
5536bd5f9e2b57702c4d8acd845c7a3e,1,boleto,10,100.08
1a0742b8da6c619dc6d5bc9669c7b7db,1,credit_card,10,43.89
123ce7708e2479e726019167a275429a,1,boleto,2,178.71
b162c40acdf41c76055637fc67e76c98,1,credit_card,3,71.81
a1309026d01851b7284b73958beaba7e,1,credit_card,6,141.51
733f520bddd81c693dbaef2be13ce0b0,1,boleto,2,149.12
c17aeb6ada43f6d4da19152cc819ae16,1,credit_card,6,136.18
cf1e65f01e46f12dfb579d539526a6b2,1,debit_card,1,231.95
f4411023fca5976e1426fcd3e9b4983e,1,credit_card,1,147.12
29c18ab0a633e9b4d3c456ae75c6f18d,1,credit_card,6,66.82
88f1ded95f4086e5a5900683a6f4e342,1,boleto,6,168.35
bc1d405c708c5348bb2a94b46808e849,1,voucher,1,51.46
bc1d405c708c5348bb2a94b46808e849,2,credit_card,2,120.08
c719735907c2bb9d73d7966b7c8bfc72,1,credit_card,6,435.87
994254cc6b3441f79e7637f16d23117e,1,boleto,10,28.59
d99af44bbe25a7b492140ce2d7884b90,1,credit_card,3,65.67
13eb909136bbf8b3038e484010b968a0,1,credit_card,3,82.96
c0f0c8f9d274f6e1f185ba699a1c34dc,1,debit_card,3,40.09
3eaf63a512af135ed8c8c0e155458db7,1,credit_card,2,176.48
37f13e48744f2e919784c36ec573e854,1,boleto,6,90.67
305efb29af3e0913579effadda1ad9f5,1,credit_card,10,43.22
9a346b513e31d7849823f08e3abc5a7f,1,boleto,6,292.87
5c82786ad0499ba76ea259d68ffd03e5,1,credit_card,10,526.47
dee531288d5ac91b946b851fcb6f70ec,1,credit_card,2,74.51
0355faea44d7acfac76eeb55e5677805,1,boleto,3,136.49
b1c2d2897d1c5b7707790d43fdb2e8a0,1,credit_card,1,32.77
db79c48b8e64657225fb66f34bf8c414,1,credit_card,3,31.12
80f7e73706823a769baae406ce6aecd6,1,credit_card,10,95.11
c4a982f4478da6e7ebdd70a0ba589fdc,1,credit_card,3,135.74
0843578fd941a66c7687bc6ac99b596a,1,boleto,1,48.9
f4e779176366f51efb5a46ed2cdf0bb3,1,credit_card,10,301.33
843b76b86798644db3ce61aa1b6581bf,1,voucher,1,76.5
843b76b86798644db3ce61aa1b6581bf,2,credit_card,4,178.51
fa1d05ec4ab4ba097773fc59a2c39075,1,credit_card,6,290.16
a57fd10bb66549805a5a24459d72e9e5,1,credit_card,10,144.29
b2123a66b83a4bcc52275a66164b7db9,1,credit_card,1,177.75
896a75d3ccfd250e18268dc624ed48a9,1,credit_card,6,110.38
34aae3f8e7e123417a0e07e47025e2bb,1,credit_card,10,75.53
7a06aa4611082c842d90077197bc622b,1,credit_card,10,113.95
1e7311243fedfd47aa9f17348bae04ed,1,credit_card,6,132.94
9425b29dc4008d41a50d01b21a6b6aaf,1,credit_card,2,546.71
9a00c4c0d573fe2dd3dc7fcb31d3a0c6,1,boleto,6,198.21
20728d10526b76134077f02e6bb85cc5,1,credit_card,1,200.05
f8d9f45f8bd0ca6c275de2c489bf9377,1,credit_card,6,124.53
1158d4a4b262cfdcfa56121fd9e9960d,1,credit_card,6,128.14
c570896e240b2dd59c0001e60d927c37,1,credit_card,6,53.02
c20c1b4bab53839199f8b86695cec935,1,credit_card,10,100.22
8939882d4d049b8d841e26c7c87fee0c,1,credit_card,1,84.34
91e15e4e1490bda5054a2cc0cd5abece,1,credit_card,10,149.84
4912ceb7aefe412bfb318ceaa540e790,1,credit_card,3,122.87
366e99ba880b84e4afaa9c01f1a517fc,1,credit_card,6,437.07
8e25ec17fe1eb1306ec6d561d37d5106,1,credit_card,3,386.94
572fb86243d84d8ba41d73c867bbce7e,1,credit_card,2,61.62
5d2d43fddfeb6684db02634a70dd221c,1,credit_card,1,156.49
c50815d692cd15bb6a6675a2af383b28,1,credit_card,1,291.36
113d74f4b9c3267c299dca89516cd9fd,1,credit_card,6,67.32
7ef9b50b08e4eaed3a26697d1728e0f6,1,credit_card,6,100.94
35294a5fc57e9ad3451e22c277194818,1,debit_card,1,88.85
e2f6896cf76852a4fff05450a64915e6,1,credit_card,1,145.67
436390ca0b268aaa5da8bae781e0d564,1,credit_card,1,170.83
792846ea229cc46a9ab46c07e9a95e4a,1,debit_card,3,171.04
58616490dfcd8b4a0b362efc0ad6ff55,1,credit_card,2,137.78
a5412d3b09f6269abf62ca27f7661dec,1,credit_card,3,118.73
1745ec91cd8bcc3dcc06371cabf19c6b,1,voucher,1,46.98
1745ec91cd8bcc3dcc06371cabf19c6b,2,credit_card,2,109.62
30d07f8818b4d74d06f880eb03dc0370,1,boleto,2,134.62
899025e7c482fc00e64cfd610e5650c3,1,credit_card,3,61.02
c7dd335bea05b97ceeb9aaa6bef27082,1,credit_card,10,107.54
534f7b30ed8465e1f055e55d8006bae5,1,boleto,1,121.06
b10a8ef09d156546f725e56bb1b303db,1,credit_card,10,57.15
fdc5cedcb3063bfb823e8c380f27768f,1,boleto,6,49.03
0a953e935cf159c0de938def617da927,1,boleto,10,196.0
a5151678e576e9dd6bbed9ad72193dc5,1,boleto,2,71.03
d753c87fe50c3919e7dae30baa6eabc0,1,boleto,6,25.04
6f535df30fce15b176aab6168c8ccf88,1,credit_card,10,186.16
a725382c961f1a0fb769c7864eb12388,1,debit_card,2,52.67
1691f502378f12430263a33ac92d3680,1,credit_card,6,66.69
f6f1002a1acec4e91d675a2f636669a0,1,credit_card,10,175.35
704f66f701c3f43d2547b8a92fd831ab,1,credit_card,1,120.28
973d6becdf1730d0d5495d0f130a0aba,1,boleto,1,108.92
2667e8899f642e9b41c3dcd4e762f8cb,1,credit_card,3,81.18
7882d3007e222edf6d12b92cbc65c13e,1,credit_card,1,143.35
042281ad29fa4e52a4973135632b0366,1,debit_card,3,202.25
3a80b6346adc0ab087546be3c647557b,1,credit_card,2,66.48
95c5184213eccf02cccbd2144fc6f16f,1,credit_card,10,65.32
17f49201b20ebbd3f4a62e78d561d044,1,credit_card,1,173.19
6cac10db36812d5b0f1346b2954f03c7,1,credit_card,10,96.03
c336ab4a0b75b5f88bb25f9b754c30d3,1,credit_card,6,80.9
49f74a2b9708f85bc8b94082392fc32d,1,credit_card,2,64.94
9676e8a487c8604cb510ffa9174d0bfc,1,credit_card,1,130.4
d87fa072f81ad6a59ed7ced409788a75,1,credit_card,10,63.54
e5c1f69af9fbf715ca1c334611c3aff3,1,credit_card,6,211.93
4cf066e1a8b62ca9a0c1908c0aa0177a,1,credit_card,2,86.59
e45c049a775f26130443777c7ab81d02,1,credit_card,1,120.77
8f609c127f053e6fc75b7a6533056f33,1,credit_card,10,53.59
e489d416a1ddbcaea314864bd9acea9f,1,debit_card,1,57.01
8709dfd87190beb6133fe2ff578eca82,1,credit_card,10,95.42
7a429c49794f69f18e8e6644f6d7607d,1,boleto,3,295.35
a246f2d5958a9a824e114722c771df14,1,boleto,2,56.99
9b4f6e53dfb13fc3b0f4b3afc5c363a8,1,debit_card,2,116.24
891e3df3e33b9157d1f410e04270c3b9,1,credit_card,2,163.95
67561314e21bdad8d6c1ea631f625067,1,voucher,1,18.12
67561314e21bdad8d6c1ea631f625067,2,credit_card,6,42.29
bf29d84c4f8b00fb2b6bf5596c983b07,1,credit_card,6,56.27
921ebfcaaa6418c584d0eb15448607a5,1,credit_card,6,53.37
f2d986ed2e4478eadb84c3f32f8969ef,1,debit_card,6,246.35
4bc5d0a9e3c3fb686676a19131732afa,1,credit_card,2,255.28
18651a363b8353c90ad2bfb278a24461,1,credit_card,2,68.52
ab47588efba3f0834ce074f8d51826c2,1,credit_card,1,199.41
0cd59a0f5758c544a1753ba1caa7c04f,1,credit_card,1,74.38
c081d253fcd460bd8f0e3ea76f406825,1,credit_card,3,641.67
fc5a4951e8f719991ea5c3431b93bf9a,1,boleto,10,76.38
e6aab28f066a3f4b65de0d3ac942d852,1,debit_card,10,73.11
a1761dbbcdd9203d3392f49255b36a79,1,credit_card,10,85.25
fda20c90fb48ca875b34fbaa529cb29f,1,credit_card,1,68.85
9fdd478906cc5126afedc1f370cbb7dd,1,credit_card,2,121.99
c063d44034c6430978b3bbc173c30ff6,1,boleto,1,82.37
e0ee9c897e8840bd1330eafc62e3d6d1,1,boleto,1,317.06
b76d0f78f60049b9a9c5063227c61236,1,credit_card,10,193.87
0078fc810f72f4c4a319cb73d866be2d,1,credit_card,1,166.28
505404580e47c845a4a584f39a4ddbc2,1,debit_card,3,44.35
bfe4520dd6594627bf6a2d8182498b3e,1,credit_card,1,321.02
fd2e1d55757e21aaeddea462a4bfced2,1,credit_card,3,76.17
156a0e9a2f5680e24eb3c40cd534dffe,1,voucher,1,50.38
156a0e9a2f5680e24eb3c40cd534dffe,2,credit_card,6,117.54
13ee611d4e43ad3ec79f61eaa5e11793,1,credit_card,1,85.05
7bcc3786d4e9d73dc9cb7bfed7e6a8c1,1,credit_card,2,115.4
950c083b69cf2f98e0ada076e945758c,1,boleto,3,67.53
826d6e62cc079c3156c3587b4d65fbef,1,credit_card,10,86.37
9b80aa8c710a17e53b26ae53efeb8976,1,credit_card,10,96.48
a3fd8f6f1a3347cba3dca0c6a24e7647,1,credit_card,10,58.43
ed985f04c6b68fb61a97e3bc32228d23,1,credit_card,2,44.26
e1112ae6c26172af27dbdc47e99be1d8,1,boleto,3,51.06
5fba07942b94e406706a3d203b5c0147,1,credit_card,6,66.12
cb75805b0882dcaacce5dc3106fa0c44,1,credit_card,3,160.2
2d9a648fe6194e21453e5f1b36384acd,1,boleto,6,233.81
87a041f9ddd0375faaed0c22789eae24,1,credit_card,2,37.47
68e625c54016b4368c83f371662cdf39,1,credit_card,1,77.28
a6038076c2020122a97892396d615c08,1,credit_card,1,147.58
0275c36f65b06cc3cef980dcfda3eb86,1,credit_card,6,78.49
d91c31a0e15dd4ee217837be25555acd,1,credit_card,1,200.71
337636ff8386d7370c32dc94485ab508,1,credit_card,6,56.98
47e9f13f04089e6dd0703ce6a8b51d7e,1,credit_card,10,252.99
c083564a242cd80e36da264182c12923,1,voucher,1,151.06
c083564a242cd80e36da264182c12923,2,credit_card,2,352.48
b4c06d88b5fbe14cb42823dcb0836426,1,credit_card,3,46.86
3304f93e39886ea81b328860e0f580bb,1,credit_card,1,106.64
37a1c676eff0602369298548c678ba62,1,boleto,1,169.66
4a10a7fad8f8cb0a1aa8fcd7afb03328,1,credit_card,3,61.6
aeb6b8f0cd5e4d31dfb64b0bbb8a6b03,1,credit_card,1,299.64
f6b1fc5eac7827669afe7c4c13ede4c8,1,credit_card,1,173.16
b0105e4e8d12043ac5c2454e574b3ec0,1,debit_card,3,113.13
3918efdcc964a8c41c691f656f019e2c,1,credit_card,10,48.55
9815b2d1fcbe228923f30208737818e5,1,boleto,10,69.0
004f57decc9c144753821a2755ba55e3,1,boleto,10,80.17
85d98480c177db8681d0be42291426c1,1,credit_card,6,182.47
b13b8ee87cdc6b9b3a014a9b450f7128,1,credit_card,1,83.32
76331e23bb23c98c92e05c5b9b534f54,1,credit_card,1,261.73
42fedf5f7e9fa5dc5c58bbbaf3bb1f8b,1,boleto,10,31.43
f75e0d0dccccb213d399b4152b69b3d1,1,boleto,1,51.99
20657718526eb0dd5ec1c270ffccb821,1,boleto,1,289.51
0a885233355d371516d586c14b6a24ad,1,debit_card,10,52.92
d9c40c69a02445a319913cb5f9dea644,1,credit_card,1,876.71
cc39398d23f3853aacfdc5f3c535fb4c,1,boleto,10,75.65
521e6d7d42e79f06134710eb9f7f8fdc,1,credit_card,6,78.94
4ba50f41c2d20aa3f2b27c96376600ef,1,credit_card,10,142.82
5dcedf370e93ce9e4561e8f77253486e,1,credit_card,2,39.14
fcbd878b0e06bb2b114c35a5c30e6e96,1,boleto,10,93.64
36ce365b353924f4da709690194162c1,1,boleto,3,243.79
fec1afaa4fcdc795e8e525e36dac538b,1,boleto,3,99.02
f519f70b60be505e4328bfc46cbc7e60,1,boleto,1,122.31
c41584262f37a2361c22abff2cbe7729,1,credit_card,10,49.3
8bd2e759fc1e3492bae99c003d8ad150,1,credit_card,2,216.89
3fda8388751f8769933e0e04c10a59d2,1,boleto,2,59.06
8248df78ad083cd3044628f629b471d3,1,boleto,6,152.35
1cdcdff6468d5fa1964311016c7be210,1,credit_card,10,44.74
6cba47027f5115b72d97ffc4a51ee90a,1,debit_card,3,164.63
15c40649b15568f9979e23ce44c11aad,1,credit_card,3,117.8
3d6ff0396a8fff839a0889a9c599ee2c,1,credit_card,10,115.12
ab2a6a442427b93ef8ee840d4a792758,1,credit_card,10,52.97
3925ac0a7f7dec7c1743faf6a39d41fc,1,credit_card,1,652.99
b812a19948d3915f6ec5ee8c60a34c4b,1,credit_card,2,152.25
706df64498033771bc3bbb4b472b60f6,1,credit_card,2,136.31
c196c84382f96a0fe32b62bcb40c3917,1,credit_card,1,90.97
ff19d2a8c6f656e7bf9765b121ebf7fd,1,credit_card,1,46.97
8e9a911d9aa8561decb76586eac2bf6c,1,boleto,1,90.22
8411974f94139184b0670682b4b15243,1,credit_card,2,117.99
194a5e83b658707774288600ad5c5f36,1,credit_card,10,370.05
cbdd81d0a7c3f26e84098faca85c5e8f,1,credit_card,3,107.67
ffe426042d2dec8a5c25da209f9ccf07,1,credit_card,1,120.87
18e8edff38e6d127205f6b13dd83fc2a,1,debit_card,10,164.78
ce100ad8979d3af72c8da2e61b6e82f3,1,debit_card,10,45.82
d94ede514806a14d537548ad28e3e551,1,boleto,1,36.13
4ddb98de7e35f43112e9816c63cc975a,1,credit_card,3,77.97
9f5367fb82f6b1d9cdb8e652c02ff878,1,credit_card,10,177.73
6a77ef8c865156e7b428cf140f90f3a1,1,credit_card,6,82.46
4da118b7d91ffb43c4c6a32cbb311617,1,boleto,3,110.41
1b8672851bba0fcd5f859cc742f43cef,1,credit_card,1,116.24
b7e4590d900e07860aa3ac8a2e5eae54,1,boleto,10,52.19
44239cd497672ed8e478329586393390,1,boleto,6,274.89
0b0adcaf159705000c1c78e7ed2d92eb,1,credit_card,3,104.1
23f5b1b9c01354112650899deb51d5b4,1,credit_card,1,24.13
14e1521c1450b8074e0ef21b9d26f160,1,credit_card,2,65.21
f8d9033d09397f9053abc02650eee904,1,credit_card,2,164.69
7f6bb6f5715055a780d0d17a49987625,1,credit_card,3,176.93
9cb528334c9de256e603203dd585db0d,1,boleto,10,151.01
43c2a4cad944a886808b902fa350b1d4,1,credit_card,1,83.82
c4bb12264e1c47d7dc7a78de7fe70e69,1,boleto,6,289.35
29730710cf1e5ffa83c30f116acfe5e3,1,voucher,1,43.37
29730710cf1e5ffa83c30f116acfe5e3,2,credit_card,2,101.19
e06c05724f8a70aaea0aa62f196ba2d1,1,credit_card,3,70.52
c27cb42cc91ae994c0d20cb69b023e3a,1,credit_card,1,308.06
cf527cb564c15ed6df0fd2d02a3ae5ba,1,boleto,1,154.2
e7b86544d56f403a33a7bb68bbd3f066,1,credit_card,10,230.38
2db2b1118b0f264996f0226bf14eb339,1,credit_card,1,60.57
f9f9edeb20c8102eeefaacd26263e8fd,1,boleto,1,111.08
388bcd741f7dc802082dd7bace8404f9,1,credit_card,1,120.99
b2417eece5634d905939eda6373b7c42,1,boleto,1,140.64
b1d420cbaaa90e31273626774b130b6a,1,credit_card,6,38.79
c40f258b196ef555349914ba3c900f09,1,credit_card,1,107.55
ccac575e3d8e3a9ccfd3fefdbc13c586,1,credit_card,2,221.23
e2ba06e62cce3122c1fd195c335d2323,1,credit_card,2,88.62
5f5907ac68e5d3b19dc4a55d834d3221,1,credit_card,2,86.08
6331bb8b1b0d833f7cff3b35837e3700,1,boleto,6,102.02
0830312682ec2f421a4077920209f205,1,credit_card,6,32.18
1d9fe29b3ef85af491c1649f4a2615c0,1,credit_card,6,85.48
40781aed54684553c46ba4fd187bce0a,1,credit_card,1,190.32
83e9859f1d6a1c2a2474faaf89f1cc00,1,credit_card,1,54.4
3819bda3bebe21f0b09259996dc7d0d6,1,boleto,10,43.95
0ae985cac5f8bce7b68ba6b6f301b46d,1,boleto,10,207.96
3ed9c236bc5958609f4d141209011d61,1,credit_card,1,176.91
a02f8aab8025613ada8273ca598312d9,1,credit_card,1,100.27
9240d6449b3fcc37fb8618bea90829a6,1,credit_card,3,66.5
a164a104fd504ba3b64578ba3fab58d4,1,credit_card,1,326.46
582dc1b31ed89dc6d9ca8598fcb5697b,1,credit_card,1,293.36
7dad0327cc581b773e5fc839e26b910e,1,credit_card,1,77.76
8abf5472447f3b22e47077e57ee8224e,1,credit_card,3,324.51
ad147e4118b626fe7665bbea72d49178,1,credit_card,1,59.01
f2f190a94a4bea63d903581efd8c38eb,1,credit_card,6,267.31
ee755ae3dbe5f4548d8b619060ca5e56,1,credit_card,2,108.71
29e37c0f235c12e31376610a423920d1,1,credit_card,10,69.01
50ed97a2414c1e0724fd2a750c886db1,1,credit_card,10,127.83
58728ca3264f964287819162ca79f86c,1,credit_card,10,124.26
59d28af9b985e3829de6a89ac7ad2a28,1,debit_card,6,55.97
379af3c03a48d24b918b0a9de50af837,1,debit_card,10,52.72
362336a214c07a4564b96ddbc1195ecf,1,credit_card,10,216.26
53a4cd21ee05d3670433da84b0a97f60,1,debit_card,2,44.98
e84eb205dec8f7914eb6b6786de54bfa,1,boleto,6,77.86
1df4c2510280426bad701caf98267562,1,boleto,2,66.27
4f23db5c9d72decffc50d3a6893cbf3f,1,credit_card,3,219.02
d27d28bb6e6f0ae8d6e816d30355363a,1,credit_card,1,109.96
9a3d3e97953fe33b84fa406bce2b723b,1,credit_card,10,129.74
f19a769d8b2a3e993de76874dfb73554,1,credit_card,3,389.49
5c5794fa1baa324bdf2184d6642eaae2,1,credit_card,2,80.41
4ef22bca9a123b42ed3f42a618a1d95a,1,credit_card,3,345.32
a5e59d2d6fd5bbd0217a1c490c973297,1,credit_card,2,382.12
e168ed6debb5f565598435eaa8581351,1,credit_card,1,176.45
f485ed0c1d38f943d70d9de6c97fe6c4,1,credit_card,2,99.48
2b2ee0580ba929d7997a95029e47d7c2,1,credit_card,1,151.25
13c582f0331cfecba144499815023053,1,credit_card,6,250.97
d05dae5ceed8f7cff29ca904fd398041,1,credit_card,3,61.13
1fd39664542c6bb8263aa49e4335f7ab,1,debit_card,1,390.44
3ed583d4ffd42057365c3ab5534f10a6,1,debit_card,2,60.49
5fd4a95392e78e691c7c921b7ca99e59,1,credit_card,1,40.99
23d1da68878ae19b4f995de68a770e42,1,credit_card,1,88.81
d2faa668a35dbdc47e33fab12d66d35a,1,credit_card,10,77.59
dc7894ba580ee961c2eef280d0f16f10,1,credit_card,3,137.65
16c9e74cdac87de79d6bfb759ba695e3,1,credit_card,6,345.44
d893870b83d15d0a29929f4e1a25789e,1,credit_card,1,55.49
55f6b5b8caf24275d314266336e84b8b,1,credit_card,2,157.86
f21024866b83998f61390456ca2d4842,1,credit_card,1,50.4
22eafee939762cd1831409a698a7e50e,1,credit_card,3,144.33
2db97923354309e119b50cbf9b023cf8,1,credit_card,10,48.45
fcedc3bef78ebdb1743df59d233cc287,1,credit_card,6,66.16
ffa2eae81bb54ea8f361125d864cd667,1,credit_card,3,424.67
abd6ac7fb65f3e860f330e451128b702,1,credit_card,2,117.14
8c4a173354a6e6a6c36948899405f1f8,1,credit_card,1,61.12
b87695cfde67901edf6fea8c9301d615,1,credit_card,6,213.46
572fb96d490eb24b2da570bcdcf8b18e,1,credit_card,6,264.89
4e814a8e27048a882a5bc72d1a23a319,1,credit_card,1,260.73
4ef1fba10d2aa12363a79cb58808c6a5,1,credit_card,1,78.65
176888375b5614e519b3aa8eec47c28b,1,credit_card,1,124.08
b5a0ffccd1dfe76bdbdea7b4322c1995,1,credit_card,2,208.39
58b5eaaf38a0f99ba42c838bff9f320d,1,boleto,10,33.58
3087cdfef568efe5055bf87ea267ac4f,1,credit_card,1,134.27
2f98765aed4fac7bdb029024a12bf306,1,credit_card,1,115.43
5a11d31d8a41ea74db6b650e1811df17,1,credit_card,3,552.35
30f4795e03d29f9d918636476c6e6f35,1,credit_card,2,109.72
3e15fdeb34641facca15ff320bb3a1e0,1,credit_card,3,71.84
88900afef133204170074b65faf35a4f,1,credit_card,2,130.95
81781648966d6eb41f949a11a051547e,1,credit_card,1,66.23
d3666e1018c9131170e688e82bba1b9c,1,credit_card,10,147.51
6d87266fa6d56545a79fdd8ce41e3c70,1,boleto,6,399.6
691949e26f08c08db6ed62d6472d91ee,1,boleto,1,708.84
0c5023b5f63b7158454b7d38c8daf6b4,1,credit_card,3,82.73
591c1ed70bb31dc6bf46a40d719178e3,1,credit_card,10,436.33
86a4ef706b779bb9739b8e04973b0a10,1,credit_card,3,64.02
b0abc45fcbd26e854f9114f169ec5a20,1,credit_card,2,245.57
9219d23bc7d059ba38f1c43dca772a53,1,debit_card,3,49.67
cb346e5b8ba8d656b29301d1199117fe,1,boleto,2,256.78
55cdc5c6185a45a47522073b6b6a76b5,1,credit_card,3,54.61
58e33a0c300224713cd653c7e08b9177,1,boleto,2,91.58
d38eff7c90b36f478b4c4dd1953b8035,1,credit_card,2,183.23
9049ed0c9a13b77ebc4692d27600edca,1,credit_card,6,251.3
ae5baf1dec459b9eb7425aa1693a7605,1,credit_card,2,68.04
d2b45510d7b446594b98452343f8a275,1,credit_card,2,837.24
4aff5bdc044337a54f8788ede5b4f21f,1,credit_card,1,87.85
9807a077ea56646edd82d4bd0ac03112,1,credit_card,1,143.46
518a19e429b9aa24f833c0a2baa545e9,1,credit_card,10,94.77
7f331ead28089c29e55ed31a72e63b3e,1,voucher,1,46.09
7f331ead28089c29e55ed31a72e63b3e,2,credit_card,2,107.55
faf9fd1584f84800477beea0bb596656,1,boleto,2,81.91
ba68d8868ce16d40f8f908e5821f6689,1,credit_card,1,134.19
7d93a7de85789ee5aac233732effbbed,1,credit_card,3,91.68
89711599861c9b5f113b7b6b3179f0b7,1,credit_card,10,392.09
3b93503f589c898f1d004b24c59b2bca,1,credit_card,10,140.73
1b657a6b09787000768e974d6a2f3280,1,credit_card,10,137.07
b773293f768f5fc2e235e8a2cc50fe63,1,credit_card,2,48.31
d2c465eacac1844b8cbf77e810f86f4e,1,boleto,1,130.44
9c32fd49d96d0974647290974c81ea26,1,credit_card,3,85.03
0afa1dfaedcb14d5aff4fc8d23c958dc,1,debit_card,1,53.62
7d11ef393adca8c7ff09e70c2a48960d,1,credit_card,3,80.12
3e21fdb741ee3556cf9dce145a9ea522,1,debit_card,3,101.63
20aad2731c6ef0da446981261e96bb6b,1,credit_card,10,52.96
4c695a0b216997760a9f4085ac7c9190,1,boleto,6,62.08
2f2b8a744e4211e1638cee092794c9a4,1,debit_card,10,288.32
bec027f7387b2e0f4460817ad13dd184,1,credit_card,1,159.76
c42eb83efc6330de622bd1ea5bff04ad,1,credit_card,2,55.89
7648cba55d74ff7f80ae3d98ba478fd2,1,boleto,2,108.88
d04aeed19bc135716d6e5b88f1983a50,1,boleto,2,102.79
79861b75c207713a0469f55d18fdaefc,1,boleto,10,136.4
14190b4f6fe52124d08d20a1ffaa247d,1,credit_card,1,169.11
ad13375359d9ffb2a223d3b458ff0c41,1,credit_card,10,102.96
5deb235681ad7c3b3e9b058e166f8cbd,1,boleto,10,108.73
2a3f4d7263586b15e0df54d327e21f8a,1,boleto,1,204.43
525fe2317e3879f895cd19e805b974ec,1,credit_card,2,128.92
2c2bcc0e2b69a1e0af1fbbd6aae1834d,1,debit_card,1,119.11
3d7078868bdc6510ea318e128eb9e366,1,boleto,10,195.12
ea9987d2f6da52d30da317212cac90a7,1,voucher,1,32.05
ea9987d2f6da52d30da317212cac90a7,2,credit_card,1,74.79
d22a4cddba05260f17f9a03e1466821b,1,credit_card,10,116.78
65ad220fe97fadb434d3ec6e32313d46,1,boleto,1,188.08
d8878260bacab7f76291a8b41e41083b,1,boleto,2,150.9
04033c5181c83a6ea06cb649ce43c271,1,credit_card,2,328.79
5c01b91bc1597635be5156bcbe6ee782,1,credit_card,1,56.74
371d1ce48998442685ca98df8316da16,1,credit_card,2,228.31
7099b85ab408ec621c9f15fd1fc174fe,1,credit_card,1,82.38
dfe24b995f478acf19ddf1e9d8e04009,1,credit_card,6,87.06
084873e765c87c8ca5d955ce9526be4f,1,boleto,2,112.74
5954369a164dd2dd9ea49978bef9b1f6,1,credit_card,1,84.7
d81bd31a6d50111d9d0338d56f66b39d,1,credit_card,6,162.06
27464d3e993c1e2b356af924f02f955c,1,credit_card,3,195.65
d177f2833e6e9a4aa8a81da326c21d2a,1,boleto,6,118.12
fe28ba06ec739e22e952fcca363bab4a,1,voucher,1,31.75
fe28ba06ec739e22e952fcca363bab4a,2,credit_card,5,74.09
5a2b65ab3f4aed385f934b0fe7df694b,1,credit_card,2,412.84
ddd8ceb6a4d3d2e348eb6222a47f7b5b,1,credit_card,2,108.27
58e0320d7a10930747b58bb58a9faf2f,1,credit_card,1,62.58
471b20383b60446ec13a179989a0685e,1,credit_card,10,117.14
a8cd021a31f7ee6b4cfe40eb06ba1d8b,1,boleto,10,93.19
83b0f80e8064b287980e5bf7011ab1b2,1,credit_card,1,143.07
d66806685c722c55d80c6d2a22dd7bf3,1,credit_card,1,306.52
829578938199ac210374f34d61981181,1,credit_card,3,99.84
8035c0b2ebcbe691d533f5ff4bb2c536,1,credit_card,1,361.31
cf384f192f234b70dc4265f4a83bffb7,1,debit_card,6,130.15
56a1f8e2f5298b8302d13793440553b4,1,credit_card,1,286.3
55f725e394a60409abe1c69153430b1e,1,credit_card,10,90.0
d2b25bdd918d014feb70eef4f71fa95a,1,credit_card,1,113.65
11c8deebe0e10ce69bb8fd430bf387a2,1,credit_card,1,133.24
841184fe0544b1994730d9c36e3e1c9e,1,boleto,6,98.78
550f538bb7810da3bba0e2c0629d83a7,1,credit_card,6,89.97
2c3cc29ab7e658dbf6fe60443fe47f0d,1,credit_card,1,124.37
56af145a2f0214e217ababa27f3871f4,1,credit_card,2,241.97
d8cb294326d8a1f9b39a15fa5b4bc036,1,boleto,6,180.77
dbf1f1542c63f89b728b3598f54b3571,1,credit_card,1,126.07
c5621922ec916ea98b6729d0180944b4,1,boleto,6,61.63
40dfa59a6a3aab9e9640cefcef3ffdd6,1,debit_card,10,159.63
31ed8dfab1413ca7e335d23ff670dc24,1,credit_card,10,200.58
6170c8b4573db45b71c1ce8af7d7b1d9,1,credit_card,1,68.67
10c09a2ceaf7a95328ebfc4bbe631d51,1,credit_card,1,334.77
d21a93dc0c4d0bfc092e9b1b6471c2c0,1,boleto,2,74.81
8b5d5aaf8b363edd875fbe9c44926202,1,credit_card,1,89.4
ae4267728b4c3504772a6d4bce6fd84d,1,credit_card,2,181.85
17d22c6a961ff37bbe31307b9ee240d1,1,credit_card,1,62.85
1c9e05b4c73d4922923382abb971d7c1,1,voucher,1,54.51
1c9e05b4c73d4922923382abb971d7c1,2,credit_card,5,127.18
287fe1abeec09c1a8c8b992830b7b750,1,boleto,2,195.86
a2752d76faf3c9c0c501bed265310d5b,1,boleto,2,154.39
524a430b42f8da638b49b87c3e7e2098,1,credit_card,1,263.02
e0813a074f0ac825ec380f2df45a38b4,1,credit_card,2,167.63
1d816760bb10a38d04aa3398975a7a37,1,credit_card,1,37.31
c12fea40f4922364f3d5c6e4549a7bed,1,boleto,6,120.41
d38bf2ffba948e81cb16dde92658082c,1,debit_card,10,69.43
e566982523a94f8bb498586e42bd3935,1,credit_card,1,76.48
1ad0df114eedab880b468e77a20b2d63,1,boleto,2,261.27
7a49c5a7b2e28ddf4ee317b40387da88,1,credit_card,6,210.13
bc27faeb687ac02deaea27be47a92445,1,boleto,2,69.7
531c10d22c5c99d2343aa67ebd577957,1,credit_card,1,93.6
cfa9c86edead0e249689e6b0fe798e32,1,credit_card,6,41.47
adcf4c664f414a69ad4612cc2dafcf5e,1,credit_card,10,130.71
3b075a6359b42c1146d1fc5cbb9e8e6f,1,credit_card,2,148.81
75322170f993de57cec0b7ce4b171efd,1,credit_card,6,94.15
239040408d6173f2cad203fbbb124fc7,1,credit_card,6,37.1
36daf56584083d9d0ed2923dd9834420,1,credit_card,1,132.38
ea71fc0eefcaa9d2258e95243261f27c,1,credit_card,1,72.08
a5d30b9c5d5fa7d3ce4acefcdc13ae19,1,credit_card,2,52.93
96febf1df8624c2bc40fae827fb27891,1,credit_card,1,135.24
431e5ca628eef57928848e975a699dab,1,credit_card,2,397.52
0ade6c31fcdd7b08904ba1718212520f,1,credit_card,10,113.71
0e05985231b1cf87a0193b479df58c2d,1,credit_card,2,80.02
7b214449d563bf66dff027bb2217ac2e,1,credit_card,1,331.06
b2d21a7e613c07eca627025177babb3b,1,credit_card,1,42.55
bb52a663a401bc47294f08cc2197f7b7,1,credit_card,2,166.5
824923f6926392a1a74b03a81c0eb646,1,boleto,6,74.57
203637679d3f625728858b9cc9e40ef4,1,boleto,1,17.55
bebf7630adc9f7217c1338388a3d0f6c,1,credit_card,2,38.03
ec14897375afbb89afa075e7ba992325,1,voucher,1,27.01
ec14897375afbb89afa075e7ba992325,2,credit_card,4,63.01
99a0afd80771e287905020dc7e6653b5,1,credit_card,10,115.42
196c6dc8e503d716b953544e072f1955,1,boleto,3,94.62
368efa54149332a459ae3fb779bf3ba7,1,debit_card,6,41.17
673466fdefa60f335f8ab0e30a098467,1,debit_card,6,63.21
f571f2d32f453a76c3ea0a5ee2d9fa59,1,credit_card,3,218.97
b1cce1619bdfc44703557f4f4c86fe01,1,boleto,2,69.43
2dfa753b9214faf8457326fda3a2f7f5,1,boleto,6,156.1
b2b05ccbabaa49db56581d143a968d50,1,credit_card,6,85.15
fe8994f27a1400a5aaaa76a899e00029,1,credit_card,10,93.2
cb7b03e9a341fa77c517fa95855ac022,1,credit_card,2,190.33
14ce462789ab086a908269549fbcb2b1,1,credit_card,10,87.75
a767df033a0b5b0d39915bfccd526e64,1,voucher,1,16.73
a767df033a0b5b0d39915bfccd526e64,2,credit_card,4,39.04
2af53bbae558904934899ff30503812f,1,debit_card,1,93.17
f4e5fdb55c8ebe831dce690892eaef88,1,credit_card,1,64.41
050cf1e6657030ff4efa632d4b2ef2b1,1,debit_card,1,83.3
bb9a86d68fa6228d47bafd4261388aad,1,boleto,3,83.5
e293663330fa62235252ead221127a4d,1,boleto,2,73.96
d65b17e03f344fe712a50d3f73b8f06a,1,boleto,10,106.69
36fde0807f74e8d361fc0cdcdcb3be81,1,credit_card,2,92.33
4e61125e0a31cbfa05f0b34b7bae0ac4,1,credit_card,1,69.33
e5379fd0230f7d44bd78da81ae1e68e4,1,boleto,6,81.44
0dabf86b8a1659e5957b3d060b10f84a,1,credit_card,10,125.66
f809bd434fccbfcd4b12c617e2d79fd9,1,credit_card,1,68.75
ea631029bb2de18e0591dcc5bf28d3e4,1,credit_card,1,129.39
894ba14bf9fab26f51fdeedf6f36a9c9,1,credit_card,10,296.74
06098bc95030b8ec75c19ae3056666e3,1,credit_card,6,116.98
a5ec89512b2e982367ecdf6fc221cac4,1,credit_card,6,83.56
794deba8b275fc8cd0d4d137f0d27cb3,1,credit_card,10,171.98
d0219bdfc557387335a3dd256525645e,1,credit_card,1,347.92
d2b5b9f2418352c2316e76d37fe7a5b4,1,credit_card,10,182.18
9d9b038bc0f1b5d23be11bd0f15a47d0,1,credit_card,6,79.19
31237ee4973365d272df95ff2d455678,1,voucher,1,90.63
31237ee4973365d272df95ff2d455678,2,credit_card,2,211.47
b0372c9235f3e7dd566dc2093d0130b7,1,credit_card,1,136.98
026f167de30950f97a1028c3ed84c7a3,1,debit_card,1,51.48
6725b98c32c193ff8b049bbf3d690065,1,credit_card,2,66.07
df2738ac4fc5e0a694dfe71650b403ff,1,credit_card,6,81.36
eca09df2121683551d23144792e916a1,1,boleto,10,116.93
5340b3b699c0ba3aaaad82a74d4e715f,1,boleto,10,101.34
825e30d2346683adc68faf12bd02c8fb,1,credit_card,1,51.76
751f880400d4daf42193657e330c6855,1,credit_card,3,115.52
4c9a62759543c8ae95f7c4b4c308cbdb,1,boleto,2,41.37
07ab04ec75cf5b32a655f42737fa203c,1,credit_card,1,32.26
8311a3360d7653fe55bf103fa6ffaa62,1,voucher,1,37.99
8311a3360d7653fe55bf103fa6ffaa62,2,credit_card,2,88.66
89a829aa142577ada9af3a059f7c8651,1,credit_card,3,59.7
d82c39bce53696d81a4673ec78237588,1,credit_card,6,200.95
9e3c5f314e91c9f8231b392cbbba8321,1,boleto,10,105.3
145df5f473bdc17c37f5a6c9acadb6d9,1,credit_card,2,57.24
357774991d04f5c4c15e4aafaad4f643,1,boleto,1,127.79
98d8b69958d6fa81bc951432b5547345,1,voucher,1,98.28
98d8b69958d6fa81bc951432b5547345,2,credit_card,3,229.33
a37572589a17d8504bf49d13b4b60591,1,credit_card,1,210.5
69ff1191ac584c167fbaf0b948aacd0a,1,credit_card,2,113.29
cb66839be81c4c161072d09b0aba474a,1,credit_card,6,381.03
7ef5383dceb0559517946e7f4cd27f56,1,credit_card,1,30.85
4d020ff2d9a1cf95fbabb543270c3c3d,1,boleto,3,99.33
2b8e69634d27b06905146e32de67ed32,1,credit_card,1,65.02
f10f41406aa2fcc7e8d00c769bdfd91d,1,credit_card,1,105.13
df668c9985af9ca3bf9546dcdf2c3adf,1,credit_card,1,364.12
d0f88c1edfec2d7edbbf300bf053526e,1,credit_card,10,68.11
e681b071378ca8bb041d45f5d10fe0a5,1,credit_card,6,96.53
34662d81df2a93e09d6a85c6d5ac4492,1,credit_card,6,370.64
19730453981bc548f02bb279e0e225fd,1,voucher,1,24.03
19730453981bc548f02bb279e0e225fd,2,credit_card,4,56.06
4f1a9d593dd92173ce1de4b870f80cbe,1,credit_card,3,54.32
cbbcd7ff199cdb5960294fe48bdb348f,1,credit_card,10,124.27
b40ae22efb91beaa7cff0d7da52328ff,1,credit_card,6,180.39
be65cf3dd0313c13d6e087afc96209ef,1,credit_card,10,238.44
e81227327e12ff9bac4bb92f3d321357,1,credit_card,3,70.61
3aacac45e53b499425d7b12783c88104,1,boleto,1,114.05
0d756bea2d5ddcda71a3cb338b01b0c2,1,credit_card,1,88.7
894e1f0bb884c6c94786dd5fa5d015d7,1,credit_card,2,73.02
184dab1468bb59d3f836c96448f74721,1,credit_card,2,89.06
304182fde201ed0cfcd248f8edeb0253,1,credit_card,3,65.43
b08b5c22d4eafd19799cf2483a175c81,1,credit_card,1,73.44
7d9177d264b9e4126553c2b83338ec24,1,credit_card,2,177.73
cd8074b7b47827ed264930134a82a7ea,1,credit_card,1,119.59
39bf468b577529ae47b2d92ec49e2d01,1,credit_card,1,69.54
6b32497bdd1ed4085d6fc14aa095e132,1,credit_card,10,297.33
9ddb99b072c704154b4e170e9ec68909,1,debit_card,1,126.62
20ca37b95f4527d6dd14d35e3af4e2dc,1,credit_card,2,65.04
eab0a8261fa5c02566e8dfefae36a967,1,boleto,1,249.9
d079bf467f74594bf9384b4c5ad87125,1,boleto,1,144.29
d0005fd0b8ffce23069cf9fe74fefd13,1,boleto,3,309.0
f10257a56212c80266d7553978495f53,1,credit_card,2,212.69
55531aed6718ea95c97bed8e91b665cc,1,boleto,1,59.51
b14438034968db32196da162e6399b35,1,credit_card,1,101.32
40fff2f66c16354ca8da04a7393bfd5f,1,credit_card,1,77.72
e6ee06e4be7364429180de3b3ad9d536,1,boleto,2,63.28
39238eddf050480430a222acb1b34e8c,1,credit_card,10,90.79
b2120875cf702de579448aadfb306592,1,credit_card,6,116.3
c0f0ef36a40c3bb9f26d37eb8d2d4e03,1,boleto,1,75.27
9d62abe11de8e57ed38622885e80bf26,1,credit_card,3,114.37
d6e9cc7c9b2cc6b26881bd60ef3737ef,1,credit_card,10,138.57
a06c69065312a340ab9c0a80a13cc87e,1,boleto,10,101.89
c9d39a2725644d8a09ed377f65467cfd,1,credit_card,1,142.03
72e5ac507706090de80a3e28cc2ac789,1,boleto,1,43.42
20f1bdcc18e12cbf231b22372d6584ec,1,credit_card,1,245.21
30b76ffe7265275d02aa254f64cd54a9,1,credit_card,2,122.28
87657d1028d29c08e987a8de153a2a30,1,credit_card,1,89.65
61623bef4de7bb27c194c25a1136c096,1,boleto,2,194.89
26050196f2fbdac136850ced7d99b3ec,1,credit_card,10,92.33
db2359ece80d2012155e0dc961e21b85,1,credit_card,3,231.36
120161c06c228aba27ac4fb7600d828d,1,credit_card,1,90.11
becc8b1bc598006a4e1cea922f78c321,1,boleto,1,54.31
d75c6c2dd4c4a4abfd99ddd8a8a1f9cc,1,voucher,1,16.63
d75c6c2dd4c4a4abfd99ddd8a8a1f9cc,2,credit_card,1,38.8
ea7ff80858f02579631e2e41f09c31bc,1,credit_card,2,94.53
202112a8615abe5f316f40433d49362e,1,credit_card,2,207.46
5aa1031d8d23398cb538dc0138141d7e,1,credit_card,3,58.41
fe9500ab563df88815d1208980ffaee8,1,credit_card,10,68.37
fdbcb7e25da7b09febeab9d7e798054f,1,credit_card,10,121.97
6f2aa5c5654e83f6cd22d7b95756df54,1,boleto,3,124.15
26413a68074abc71b82b68128a8d7ecc,1,credit_card,1,228.38
aaf7921f05c5e5808eb4faa3b04844e9,1,debit_card,10,200.52
9e96f644c6db1d77a1b72d0ab6123aeb,1,credit_card,6,139.54
d25e434c37d8d41df35bb72a6b4eda44,1,credit_card,3,67.52
4df911df2ca04b5984405a46cbf27106,1,credit_card,3,89.96
7ccad5d606fa386462f9b1f646931954,1,credit_card,3,77.59
7a732407e7005cf09fbc535eadce74f6,1,voucher,1,31.09
7a732407e7005cf09fbc535eadce74f6,2,credit_card,4,72.53
78fc8716fe8ce2e28661cad06af27ff4,1,credit_card,6,38.69
685fbe1bcc6bf4db6c0318b53982f87f,1,credit_card,6,420.06
b0c3bc629100b08e77ea26f0bd9bdcf0,1,credit_card,1,92.49
56f4fdf9645ebe9b1a339b77cd8d044e,1,credit_card,6,525.82
087993a1fc32c016c793b529210c497a,1,credit_card,1,77.44
2fcfaaefb6201155a0df18e19abcf128,1,credit_card,1,38.98
1309d2ecce1b102a2d30e3ca38290fcb,1,credit_card,3,126.22
5ba47d15fe02c8d5b0e25e74e4195bd1,1,boleto,10,58.56
