geolocation_zip_code_prefix,geolocation_lat,geolocation_lng,geolocation_city,geolocation_state
84810,-24.554770445316603,-45.59585833786654,porto alegre,RS
15592,-21.608554430932234,-44.103860479479465,rio de janeiro,RJ
04278,-22.041495063515796,-43.318907921770055,belo horizonte,MG
04278,-25.009238246155235,-45.83395727549048,belo horizonte,MG
98196,-20.42651904198694,-44.46840882018517,florianopolis,SC
98196,-21.86079420740227,-44.72230616308527,florianopolis,SC
37048,-23.371399496512975,-45.89454495378646,florianopolis,SC
37048,-25.273974824790407,-47.65181597781066,florianopolis,SC
37048,-23.97148662711527,-45.4701476892566,florianopolis,SC
33098,-25.956854966089438,-44.75295432070928,porto alegre,RS
33098,-25.64675739874206,-48.595598031338156,porto alegre,RS
30256,-25.57485590066808,-47.57197219378603,sao paulo,SP
30256,-21.986133330222316,-47.71457915577737,sao paulo,SP
30256,-25.20612890764985,-43.386914556515976,sao paulo,SP
19289,-21.29228345425548,-44.15501801340014,recife,PE
19289,-24.857540513828734,-48.41841511462706,recife,PE
97530,-23.458528261880474,-46.19785199177995,florianopolis,SC
97530,-21.625544903240897,-44.959812716240194,florianopolis,SC
97530,-20.095008731804203,-48.409492773088246,florianopolis,SC
14434,-21.196444934829806,-48.34438580653118,florianopolis,SC
14434,-24.850459567150075,-45.782285476537936,florianopolis,SC
14434,-25.15890621743135,-47.899071785276604,florianopolis,SC
89696,-20.75308427557652,-48.54769066975426,recife,PE
89696,-21.151866531609784,-43.86419864518976,recife,PE
98080,-22.08713063600887,-45.75647237139817,rio de janeiro,RJ
72482,-20.441798101951235,-43.90782559351417,sao paulo,SP
12395,-23.08615324729569,-47.71751620480491,belo horizonte,MG
12395,-23.593758244703285,-48.64818760016693,belo horizonte,MG
12395,-23.726161286138503,-43.088146937321646,belo horizonte,MG
12395,-24.40878165096709,-44.29557638830858,belo horizonte,MG
78397,-23.46195508405902,-43.25609415484196,recife,PE
78397,-20.027463863043717,-45.66539005956629,recife,PE
78397,-21.689550348222042,-48.071219048355616,recife,PE
56302,-20.187743810185047,-45.52491825510246,curitiba,PR
56302,-22.746828791754353,-44.512146637725614,curitiba,PR
05165,-22.494934433246172,-45.982897702482916,sao paulo,SP
04905,-20.2353265803533,-48.51933120855648,belo horizonte,MG
13280,-22.429789361299832,-44.948724678375456,belo horizonte,MG
29657,-25.280680316317255,-43.65827611522337,porto alegre,RS
29657,-24.52270791326825,-45.43288507879935,porto alegre,RS
29657,-22.28371093800738,-46.48465050798477,porto alegre,RS
29657,-22.497966264252653,-45.863303706808246,porto alegre,RS
31495,-21.981644151381026,-47.114896823226545,curitiba,PR
31495,-24.40631292481188,-48.214730307235264,curitiba,PR
67237,-24.102936822368875,-44.48881304551359,curitiba,PR
67237,-25.564741313041054,-46.25028686428848,curitiba,PR
67237,-20.009273354873347,-43.02342131286943,curitiba,PR
67237,-25.560435673402203,-47.72107412639776,curitiba,PR
79907,-20.400443732037743,-43.71481495788136,curitiba,PR
79907,-20.724378545092744,-46.782837467566694,curitiba,PR
04478,-20.997530272161157,-44.778760449475776,belo horizonte,MG
04478,-22.329933405644297,-43.07660161821097,belo horizonte,MG
04478,-22.076142093735605,-48.95306135708705,belo horizonte,MG
04478,-21.09737518930723,-47.20372748680013,belo horizonte,MG
74563,-24.413204471077233,-43.661723757965746,rio de janeiro,RJ
74563,-21.54549989611401,-48.067312541350056,rio de janeiro,RJ
27062,-21.694326877167214,-47.77841612603528,curitiba,PR
27062,-22.19457224668952,-47.41609659021754,curitiba,PR
94850,-20.56798105352406,-43.92337772023087,recife,PE
94850,-25.4462091937236,-46.45854536461764,recife,PE
94850,-24.33991865616649,-48.97872586547331,recife,PE
86181,-25.030508142356684,-46.3489869288349,belo horizonte,MG
86181,-21.765995319440055,-45.634558811351525,belo horizonte,MG
86181,-25.32875671646399,-43.329694365720165,belo horizonte,MG
92924,-20.9924298806839,-45.50494260106124,belo horizonte,MG
72426,-25.235326884307167,-47.1504499004192,belo horizonte,MG
72426,-20.60611106754446,-44.22326617067175,belo horizonte,MG
72426,-20.835784507994582,-43.60645218084115,belo horizonte,MG
72426,-24.739540769961476,-47.502821564662455,belo horizonte,MG
55987,-21.319302548771343,-43.695191791293944,rio de janeiro,RJ
55987,-23.561735661007297,-45.276030939095726,rio de janeiro,RJ
55987,-25.07267997000677,-43.42071390583796,rio de janeiro,RJ
29893,-20.711502772020054,-48.851281828610865,belo horizonte,MG
29893,-21.58061316946951,-47.00688719232143,belo horizonte,MG
59878,-24.39916574243317,-44.27575294518717,florianopolis,SC
59878,-25.351426241582256,-43.76699930256346,florianopolis,SC
78236,-24.80256301984549,-43.489288592623026,recife,PE
78236,-23.902049453324487,-44.07678171417063,recife,PE
37463,-25.85801339179129,-47.84122127003375,porto alegre,RS
37463,-24.03042829281376,-43.81388234781828,porto alegre,RS
01851,-22.151109568354233,-46.60192969383964,curitiba,PR
01851,-20.11310187681044,-45.78270560512767,curitiba,PR
01851,-20.364577158051706,-48.30794948889144,curitiba,PR
21926,-22.516461597567755,-43.09869656270148,curitiba,PR
21926,-25.770456815880422,-45.42057247007353,curitiba,PR
92506,-23.381636696776354,-43.09458490410046,salvador,BA
92506,-25.306125295824017,-43.602971602532804,salvador,BA
92506,-24.859527352986223,-48.733680797720616,salvador,BA
56392,-22.880477908600486,-44.16093478179938,florianopolis,SC
45597,-23.41221560225008,-43.306753084172115,porto alegre,RS
45597,-20.47537486269176,-45.26106754032155,porto alegre,RS
45597,-22.019675142406733,-48.252248106013795,porto alegre,RS
37421,-21.998642575365622,-47.0429025708556,curitiba,PR
37421,-21.816749514833607,-45.673525133999235,curitiba,PR
37421,-24.848959442059115,-45.01042339472337,curitiba,PR
21379,-22.306910504291718,-47.19430075260661,florianopolis,SC
21379,-22.712376721185812,-48.99756436181627,florianopolis,SC
29221,-23.420671100060993,-45.52009131282591,curitiba,PR
29221,-22.07176625778157,-46.210070858517916,curitiba,PR
45118,-22.932956018752478,-44.237587605363984,recife,PE
45118,-20.24100797790178,-44.58423132435867,recife,PE
14396,-22.907287940508702,-45.202354865405226,rio de janeiro,RJ
14396,-23.988870467541194,-44.089459212780014,rio de janeiro,RJ
14396,-21.493171174755606,-44.963225976657,rio de janeiro,RJ
13156,-25.115876226525366,-48.72271769144345,porto alegre,RS
13156,-20.09638386330889,-45.33235616163592,porto alegre,RS
50797,-23.513353934013683,-45.22140771557372,rio de janeiro,RJ
50797,-24.833388579561746,-44.82187449705697,rio de janeiro,RJ
50797,-23.033736985937377,-47.536093362529364,rio de janeiro,RJ
50797,-22.063651933329297,-48.96673109117181,rio de janeiro,RJ
13676,-24.686953179126082,-44.17534086296114,rio de janeiro,RJ
13676,-21.82452934155057,-46.212700692554485,rio de janeiro,RJ
13676,-22.655565235799628,-43.49517991326736,rio de janeiro,RJ
13676,-25.271848404863693,-48.19996536665783,rio de janeiro,RJ
48052,-20.299762349341066,-43.65144444513738,recife,PE
48052,-22.324086063429423,-44.6843562323442,recife,PE
48052,-22.97133101105359,-44.016584981671514,recife,PE
46082,-21.538067347042492,-46.15195337906168,recife,PE
46082,-24.444850709209884,-47.516561574942045,recife,PE
80131,-22.23950937810931,-47.35241531849477,curitiba,PR
80131,-25.535099876811586,-47.285631094821085,curitiba,PR
80131,-24.369709357506892,-47.081742589487426,curitiba,PR
80131,-22.75908666488926,-48.16975563090307,curitiba,PR
35671,-21.836301126205687,-44.76148514983269,porto alegre,RS
35671,-25.614626895716732,-46.55440378200048,porto alegre,RS
35671,-22.74433315697651,-46.505354595381064,porto alegre,RS
35671,-24.75899366291354,-46.47913889335945,porto alegre,RS
06695,-23.138121604655858,-43.34355005539542,sao paulo,SP
06695,-24.2083240857657,-46.66008011161769,sao paulo,SP
06695,-20.650150748188928,-43.985627975209596,sao paulo,SP
06695,-22.77067659433861,-44.592195635461856,sao paulo,SP
96647,-24.683470192271383,-46.38498414372018,porto alegre,RS
96647,-25.82585108031971,-46.983222737809704,porto alegre,RS
96647,-21.925148689829904,-46.57409998517418,porto alegre,RS
96647,-25.009731612778946,-46.195659104606136,porto alegre,RS
61217,-20.55842682447939,-45.44864334623254,belo horizonte,MG
71284,-22.143502111943985,-48.185803076616615,sao paulo,SP
17361,-25.698292199068234,-46.72537681487116,recife,PE
17361,-24.73003829473111,-47.03892517071215,recife,PE
50615,-21.48794105867129,-44.00845428906837,florianopolis,SC
50615,-24.486370809305715,-48.50856260343014,florianopolis,SC
50615,-25.883700277699937,-45.7634857124648,florianopolis,SC
11328,-22.09913544050075,-44.31260170233463,salvador,BA
11328,-22.089472068536665,-44.47460077564284,salvador,BA
73357,-20.96462692229241,-45.27198606048305,porto alegre,RS
73357,-24.568730348666566,-46.15863363432323,porto alegre,RS
39427,-23.209796099388676,-47.46253782062688,rio de janeiro,RJ
39427,-23.78662895406235,-45.36464384463813,rio de janeiro,RJ
83397,-20.211675361795475,-48.35140750205436,rio de janeiro,RJ
83397,-25.845929447015205,-47.12825653363183,rio de janeiro,RJ
82070,-20.351176408752142,-47.81002133744971,florianopolis,SC
82070,-22.447412832500888,-44.01657019731809,florianopolis,SC
82070,-24.542903716777207,-44.81684198502536,florianopolis,SC
82070,-24.190503887073998,-44.894445765000064,florianopolis,SC
48400,-23.916777408149308,-46.429731920591536,rio de janeiro,RJ
76674,-22.96423526193753,-46.952612950832304,salvador,BA
26203,-25.366766776136007,-43.23527459671253,florianopolis,SC
26203,-22.186489363391324,-44.02775613398525,florianopolis,SC
26203,-21.75614813776354,-46.38707712995394,florianopolis,SC
26203,-21.59722817591965,-43.207157612571535,florianopolis,SC
93349,-23.21075737019295,-44.04559240947547,curitiba,PR
93349,-22.44515228561779,-47.06617250211329,curitiba,PR
93349,-24.527028985437855,-43.392268728316,curitiba,PR
93349,-24.326430504845177,-46.29518799883738,curitiba,PR
10116,-23.981620280651747,-46.03416097830447,recife,PE
10116,-24.049914992667443,-46.07470040565193,recife,PE
10116,-23.87105020294343,-47.44988554684793,recife,PE
10116,-24.322049071774483,-45.42306995237542,recife,PE
07006,-22.900236489710394,-47.85366145883741,curitiba,PR
87673,-23.068532918907277,-44.4510120791052,porto alegre,RS
87673,-21.85634396332086,-45.12458260155429,porto alegre,RS
87673,-23.055071989528482,-44.242402791206096,porto alegre,RS
87673,-25.44167989667197,-47.67042159716482,porto alegre,RS
30871,-22.016239870419103,-46.785877296033775,porto alegre,RS
30871,-22.6791622699385,-46.93745563512279,porto alegre,RS
30871,-20.020211216244007,-45.69766916345993,porto alegre,RS
38930,-24.374501438142822,-47.49157794279435,salvador,BA
38930,-25.276064691486166,-47.844494239290896,salvador,BA
38930,-25.282671552469683,-45.7848162076975,salvador,BA
38930,-21.426862343095383,-47.889100945374025,salvador,BA
11458,-24.341002238187865,-45.462478564235255,porto alegre,RS
11458,-21.438752627761502,-45.41925555692619,porto alegre,RS
11458,-20.11693621722492,-44.004229820037594,porto alegre,RS
11458,-24.222521220409135,-46.83471358510368,porto alegre,RS
31512,-21.75188908573381,-48.24050224091211,curitiba,PR
14238,-22.67984619920835,-44.815495642538835,sao paulo,SP
50823,-25.384474119273435,-48.92640757974695,belo horizonte,MG
50823,-24.293964037177105,-46.12771474836161,belo horizonte,MG
50823,-23.955764404638245,-43.207014141170234,belo horizonte,MG
50823,-24.485129657042165,-43.82966221223492,belo horizonte,MG
37434,-23.59575534648836,-48.55550697846616,rio de janeiro,RJ
60429,-25.10481449315807,-45.622962417492616,sao paulo,SP
60429,-24.176986928946633,-43.03649126373868,sao paulo,SP
84320,-22.362094092542222,-44.25555502093948,rio de janeiro,RJ
84320,-24.64587717760979,-45.86456478921869,rio de janeiro,RJ
84320,-23.296913210667476,-46.34367397588403,rio de janeiro,RJ
84320,-20.83900000504292,-43.05981243719921,rio de janeiro,RJ
48819,-22.34221452652922,-44.55946416709273,curitiba,PR
22319,-24.412123248259956,-48.51287520719809,porto alegre,RS
22319,-24.560808933951847,-45.68804652653345,porto alegre,RS
49520,-23.54889456403984,-44.863773185291386,belo horizonte,MG
47566,-25.804160867714454,-47.27137066243787,recife,PE
47566,-24.303689761326275,-43.842359611956866,recife,PE
47566,-25.572921439079124,-47.599457163039844,recife,PE
28460,-23.44916620337473,-45.732625727736526,curitiba,PR
28460,-22.114191659585117,-43.54953132872436,curitiba,PR
88841,-25.642171762916917,-44.24422860260553,belo horizonte,MG
35993,-25.25387805095175,-44.86793205272744,curitiba,PR
35993,-21.801597890145697,-43.343942555535754,curitiba,PR
35993,-22.997166937292448,-46.03722868392949,curitiba,PR
35993,-25.517348888604193,-48.76083529489832,curitiba,PR
92988,-22.377718154324537,-48.84481064566999,florianopolis,SC
92988,-24.626453505669037,-44.95420979696697,florianopolis,SC
92988,-20.83689876309637,-45.4772624097413,florianopolis,SC
90593,-22.542518092383517,-44.42134597496977,sao paulo,SP
90593,-24.948855632372165,-45.88621695407438,sao paulo,SP
90593,-23.346623573478784,-47.331060565345474,sao paulo,SP
85939,-20.18566858360578,-46.17993763023789,florianopolis,SC
85939,-23.54991143941991,-47.073650464260574,florianopolis,SC
85939,-25.372400692504655,-48.03505088404699,florianopolis,SC
85939,-23.530129461273237,-46.02718587421397,florianopolis,SC
10358,-23.271044548389625,-47.112897056978994,florianopolis,SC
80840,-20.17889163914854,-46.574949657995525,salvador,BA
84227,-23.52051457520407,-47.874504751632834,sao paulo,SP
84227,-23.82932384508995,-44.46134107566656,sao paulo,SP
84227,-22.247547547129948,-44.4400567836339,sao paulo,SP
84227,-24.778650569898357,-45.70468216548801,sao paulo,SP
23431,-20.71492029585317,-46.09172921830001,curitiba,PR
23431,-25.82678334535002,-45.21986633797564,curitiba,PR
23431,-21.204117600353175,-44.74130304939845,curitiba,PR
23431,-24.13549916963999,-48.91795321320364,curitiba,PR
71010,-24.651796043265293,-43.95156591029779,florianopolis,SC
96568,-20.317635545843864,-45.11374186729745,rio de janeiro,RJ
96568,-25.07617325343003,-43.404081640395376,rio de janeiro,RJ
96568,-24.248830638429283,-44.767530220444876,rio de janeiro,RJ
96568,-23.50705794238788,-46.10500253825286,rio de janeiro,RJ
33087,-23.25928116360612,-48.13214818908635,recife,PE
33087,-24.85633777431243,-45.4037344079506,recife,PE
22417,-24.342515583067755,-44.25996290798132,belo horizonte,MG
61589,-20.39450963790488,-45.95357394514206,florianopolis,SC
61589,-21.07670316088653,-47.30296610030304,florianopolis,SC
61589,-24.208664901369396,-45.478373665515036,florianopolis,SC
50735,-23.320715641740833,-46.09395168668968,recife,PE
50735,-24.005360265735504,-44.42276393428013,recife,PE
36382,-20.402886465708434,-43.78238990059559,florianopolis,SC
36382,-20.115352212004435,-47.5671667350025,florianopolis,SC
36382,-23.702174906422385,-43.86392214407573,florianopolis,SC
36382,-23.53534942670253,-47.0909420365972,florianopolis,SC
84886,-23.683527485054107,-45.01786702309279,recife,PE
84886,-21.07551468974267,-43.11509116804129,recife,PE
84886,-23.02802810230146,-48.77788233192654,recife,PE
84886,-22.986253099202205,-45.4589174241426,recife,PE
91198,-25.40172981354813,-43.5373499338212,rio de janeiro,RJ
91198,-25.907914412508436,-48.13506750419832,rio de janeiro,RJ
91198,-20.774402171904683,-43.18025923575336,rio de janeiro,RJ
91198,-25.551030510537746,-44.31084825236185,rio de janeiro,RJ
74000,-22.26044359686801,-46.61510005668536,curitiba,PR
74000,-25.518108076523305,-47.02860646609926,curitiba,PR
74000,-21.953855029075942,-45.798266125618994,curitiba,PR
29785,-20.76570189560878,-48.78460540097388,salvador,BA
29785,-25.589475516910692,-45.213033898872155,salvador,BA
29785,-20.474425407318222,-43.01544446226271,salvador,BA
29785,-21.51940179957244,-46.396171168461244,salvador,BA
90733,-23.337928690029766,-44.83599302324059,rio de janeiro,RJ
43504,-24.053751999312187,-48.66328463136996,sao paulo,SP
08331,-23.4158792728676,-47.534815406896186,salvador,BA
08331,-23.527689506146547,-44.90919777188363,salvador,BA
08331,-24.919658683092134,-47.94958386962257,salvador,BA
31021,-23.013996485792294,-45.50105721608768,florianopolis,SC
31021,-24.606869334229085,-45.17257221397859,florianopolis,SC
05207,-21.998955696401115,-43.60654880979807,recife,PE
05207,-23.20848046684819,-47.27421000550937,recife,PE
05207,-22.72041117438783,-48.556828598302765,recife,PE
42347,-22.166367785839928,-46.454146369234614,salvador,BA
42347,-24.49941065355379,-43.92817644914441,salvador,BA
42347,-24.804698005346644,-46.69184050619593,salvador,BA
53581,-24.576765788434553,-45.568463845895565,recife,PE
36093,-25.86836241284261,-44.019774631042935,curitiba,PR
36093,-23.625165554531797,-48.951412205431055,curitiba,PR
36093,-20.809595613816406,-44.330130305379534,curitiba,PR
09675,-21.00296660196087,-43.582390489301346,sao paulo,SP
09675,-21.345554122379717,-47.6192896541775,sao paulo,SP
09675,-21.188408254728273,-47.68597276643137,sao paulo,SP
09675,-24.85920806433747,-47.496239199738305,sao paulo,SP
28653,-20.579577775562193,-45.121956346656866,belo horizonte,MG
75341,-25.799812812526206,-46.81083260182918,curitiba,PR
75341,-25.211529161477088,-43.54223312608404,curitiba,PR
75341,-24.039685245715937,-46.50698143948733,curitiba,PR
75341,-24.795231232099542,-44.28092313381697,curitiba,PR
95098,-21.017164282595616,-47.458179492620424,salvador,BA
95098,-21.051861124745557,-46.108913020757555,salvador,BA
95098,-21.1610690372374,-44.52064389569773,salvador,BA
42245,-23.190011666883827,-48.54820383455946,salvador,BA
28869,-20.196381516199807,-44.17247413587663,porto alegre,RS
28869,-23.805349703566602,-44.25590818846638,porto alegre,RS
28869,-25.916488069394592,-45.780566150385646,porto alegre,RS
28869,-23.27128383359675,-44.963029708757475,porto alegre,RS
86909,-21.065496192639355,-43.358248649322675,curitiba,PR
86909,-25.349923386804615,-47.5970685867305,curitiba,PR
86909,-25.849852102121105,-43.69459092871089,curitiba,PR
86909,-22.631555706500727,-43.508464547541045,curitiba,PR
66435,-22.187576465732366,-46.21439478206392,porto alegre,RS
52856,-25.299944379637672,-48.727919133919706,curitiba,PR
52856,-25.77672723065177,-43.024435751469824,curitiba,PR
52856,-25.303277115649344,-47.591199805412025,curitiba,PR
52856,-22.774720364704844,-46.66812501309914,curitiba,PR
85259,-22.475957926708354,-44.64040509665655,salvador,BA
85259,-20.687517296602522,-45.07046861503922,salvador,BA
85259,-20.997841500222073,-45.30608671569306,salvador,BA
85259,-20.365681605718066,-47.32155915948527,salvador,BA
61142,-23.33970148363579,-43.29666898089144,salvador,BA
61142,-20.867298840164274,-48.403872252363215,salvador,BA
19726,-25.636699465000348,-47.34471135483048,salvador,BA
19726,-20.19075874438168,-43.30593527042718,salvador,BA
19726,-21.054853508410574,-48.44995945709488,salvador,BA
35718,-25.696528936022762,-46.9989450614049,porto alegre,RS
19301,-25.588339083053864,-44.40905574466849,belo horizonte,MG
19301,-24.757055777920048,-47.70429188848795,belo horizonte,MG
33325,-21.35378853317108,-44.268137474334345,porto alegre,RS
33325,-22.42411018895348,-47.336350924145904,porto alegre,RS
33325,-20.095831208913566,-43.074836173802964,porto alegre,RS
98647,-25.340441912663387,-43.80131266895919,curitiba,PR
98647,-25.209180622628615,-46.8505463247008,curitiba,PR
74579,-25.90531349893304,-47.40779495005016,porto alegre,RS
74579,-25.23944873772332,-46.474236658539525,porto alegre,RS
74579,-25.318104159280722,-48.618651771117186,porto alegre,RS
71644,-22.92057225434485,-48.34567593997693,recife,PE
71644,-22.976967861285072,-43.32750614217936,recife,PE
71644,-25.73980977860497,-44.300638024117724,recife,PE
35438,-22.139955894767066,-48.81309616293794,curitiba,PR
35438,-20.00847946946404,-43.916208740996545,curitiba,PR
35438,-23.44235828432005,-48.352229021924636,curitiba,PR
35438,-21.72559211061742,-46.338626023821945,curitiba,PR
98912,-22.35021545819936,-48.605906600079315,rio de janeiro,RJ
98912,-24.34990400265228,-45.20153965419391,rio de janeiro,RJ
98912,-22.709861395709837,-47.048887340087994,rio de janeiro,RJ
77622,-22.966693553085918,-46.41880404505826,curitiba,PR
77622,-21.241423441390126,-48.31351556541952,curitiba,PR
77622,-22.071722254861147,-43.73376272161472,curitiba,PR
77622,-22.691988629661207,-43.80704610578613,curitiba,PR
57155,-20.671453868069044,-46.51711857293852,florianopolis,SC
57155,-21.03548465131973,-46.607618894458284,florianopolis,SC
57155,-21.622324954192976,-47.1247099000172,florianopolis,SC
57155,-24.124858573148792,-47.47066122110333,florianopolis,SC
77484,-25.597200151180115,-44.009368669150874,belo horizonte,MG
77484,-25.440619389777936,-48.420613404605284,belo horizonte,MG
77484,-21.567224009067708,-44.12938428833564,belo horizonte,MG
77484,-22.6617755863079,-45.481209503563136,belo horizonte,MG
53350,-23.53514820246705,-43.75835576659409,salvador,BA
48447,-20.18960824813115,-45.39753945265194,florianopolis,SC
29746,-22.532488889660872,-47.723567165967964,salvador,BA
19131,-20.916350911190285,-46.89931603467285,recife,PE
19131,-22.66240714337404,-48.31068811881815,recife,PE
67784,-21.156671773085932,-43.92906903202985,curitiba,PR
67784,-20.15272038724575,-44.08943884275598,curitiba,PR
65686,-25.826280913632388,-47.360377667723654,sao paulo,SP
65686,-21.425542892114013,-43.47077487380096,sao paulo,SP
65686,-23.89385947557811,-47.91156665072459,sao paulo,SP
12915,-25.582487472509982,-44.55418564528948,belo horizonte,MG
12915,-20.169138087451884,-48.44945390167333,belo horizonte,MG
12915,-22.817103868046424,-46.742833565779065,belo horizonte,MG
12915,-23.278125255961896,-48.055544344929466,belo horizonte,MG
07175,-21.338986280199556,-45.594438660313614,curitiba,PR
07175,-25.490257760136924,-48.68434704144687,curitiba,PR
07175,-25.05554061735708,-45.29297090844382,curitiba,PR
15371,-23.341322154018044,-46.45591136132203,rio de janeiro,RJ
15371,-22.357543955353908,-46.51489757270365,rio de janeiro,RJ
15371,-24.70658620797352,-45.92592216519337,rio de janeiro,RJ
21033,-25.334661366794418,-44.930692642398796,salvador,BA
21033,-22.441194497646418,-45.83839535711113,salvador,BA
21033,-24.14948364889246,-47.676889386984854,salvador,BA
21033,-20.093326050073284,-48.67130824889151,salvador,BA
83240,-20.328055476640138,-44.39590283614837,porto alegre,RS
83240,-21.415034625432515,-47.26331721269538,porto alegre,RS
83240,-25.280093937766704,-46.01568802832004,porto alegre,RS
21969,-25.22488578944471,-45.804505912795456,florianopolis,SC
21969,-24.61933570354004,-45.647658593951725,florianopolis,SC
90192,-23.617572954516216,-44.54775203575333,salvador,BA
56333,-23.24147449786235,-48.532824328745455,florianopolis,SC
79172,-22.55960191468494,-44.743006230586396,salvador,BA
79172,-23.493836240939117,-48.30895976401721,salvador,BA
79172,-25.874860645851506,-47.05139092332692,salvador,BA
79172,-21.192067074137288,-45.29124842017456,salvador,BA
09326,-23.379729322590634,-48.36482119962648,salvador,BA
51432,-22.85622474199621,-46.625399818844,florianopolis,SC
51432,-24.138352628984833,-46.962920313109215,florianopolis,SC
51432,-24.001588265041207,-47.991203751725884,florianopolis,SC
51432,-22.93710029274711,-48.31584016096868,florianopolis,SC
51019,-23.893401590255838,-43.2506599060171,porto alegre,RS
51019,-22.127342142982616,-48.11386098401537,porto alegre,RS
51019,-25.383172833333422,-47.46419066798962,porto alegre,RS
79104,-21.438708226718646,-45.066945936887564,belo horizonte,MG
79104,-24.937123226316626,-44.36291146451464,belo horizonte,MG
62348,-21.473325048518085,-44.44073710235351,recife,PE
62348,-23.306568458029624,-43.455074449686045,recife,PE
62348,-22.613049299583203,-45.18821008563644,recife,PE
62348,-22.25286932334863,-43.814518751011505,recife,PE
70352,-23.361423101948816,-46.186473498841764,salvador,BA
70352,-22.211689279847423,-44.22202192509143,salvador,BA
33953,-22.955978688261332,-47.13755289636214,sao paulo,SP
33953,-23.28851681779591,-48.65865969499629,sao paulo,SP
33953,-21.00982021002127,-48.53961399295927,sao paulo,SP
73512,-23.223730046436366,-45.67410177197018,rio de janeiro,RJ
73512,-21.24909321640785,-43.62473940665919,rio de janeiro,RJ
73512,-23.30159777809456,-44.14110449381217,rio de janeiro,RJ
73512,-22.088975272108343,-47.07083942271743,rio de janeiro,RJ
02504,-20.25366584680049,-46.29686134590945,recife,PE
02504,-21.134199132064275,-43.97573693051467,recife,PE
90166,-25.76514724279596,-44.754269774060326,rio de janeiro,RJ
90166,-20.054083864118674,-45.855588680978954,rio de janeiro,RJ
95466,-23.762888107392037,-47.302638528313494,belo horizonte,MG
95466,-23.54738361651608,-46.96979711895148,belo horizonte,MG
95466,-22.412684825702062,-44.26463841061801,belo horizonte,MG
16014,-24.021855469293627,-45.652220725489585,salvador,BA
90353,-24.48802529020308,-43.89060244009357,florianopolis,SC
90353,-20.21353982807654,-45.38379511803628,florianopolis,SC
90353,-25.097760036586433,-48.510988075312696,florianopolis,SC
71381,-24.138609574689127,-45.06367169178367,belo horizonte,MG
71381,-22.02718905842492,-48.226290050370636,belo horizonte,MG
71381,-21.746995913773677,-48.491685927975986,belo horizonte,MG
99419,-21.120891297111193,-44.97930160003166,florianopolis,SC
99419,-21.026246162633214,-44.567351967223104,florianopolis,SC
99419,-21.887513358334544,-45.84163996159496,florianopolis,SC
35973,-25.890616773250805,-47.146803579616716,florianopolis,SC
35973,-20.292984118423192,-46.94960592921071,florianopolis,SC
35973,-21.403062753993083,-47.84796859801368,florianopolis,SC
85012,-25.53700949419474,-43.9334296678847,belo horizonte,MG
85012,-25.393155417992634,-44.37475167782139,belo horizonte,MG
45587,-20.74164336474355,-45.291811207038954,sao paulo,SP
45587,-22.41652135357023,-48.07448343207327,sao paulo,SP
45587,-24.91492419698782,-44.84292615483264,sao paulo,SP
15621,-25.737845432272913,-46.81420351521538,belo horizonte,MG
15621,-21.682485957256098,-43.182468379548254,belo horizonte,MG
15621,-22.336427467245105,-44.48565300933109,belo horizonte,MG
15621,-21.297197843390943,-47.59598233398745,belo horizonte,MG
39469,-20.20642017683578,-44.29377856244077,porto alegre,RS
39469,-20.576153971175252,-47.83590294266458,porto alegre,RS
39469,-21.930159049609443,-45.57748363981665,porto alegre,RS
57985,-21.383368688146543,-44.33125577650044,recife,PE
57985,-22.982559851074527,-46.48803503962152,recife,PE
57985,-25.027650960524774,-47.801813611331916,recife,PE
57985,-22.3720193145395,-43.76198847964392,recife,PE
21730,-20.75529832968658,-45.67275552745341,sao paulo,SP
21730,-25.384461609509543,-43.92464633959937,sao paulo,SP
21730,-20.89300371149133,-47.28962191564403,sao paulo,SP
21730,-21.421299018249854,-47.36325220245186,sao paulo,SP
60470,-25.44971858204544,-43.53697027763555,belo horizonte,MG
60470,-21.099780464866996,-43.692221357691956,belo horizonte,MG
60470,-20.417168437242353,-46.51061856508597,belo horizonte,MG
60470,-23.621276207178514,-46.75623107392588,belo horizonte,MG
01425,-23.750523959493393,-48.8308747268311,florianopolis,SC
95646,-21.251716175106942,-48.17440247364477,rio de janeiro,RJ
95646,-24.27872361612039,-44.02143050108307,rio de janeiro,RJ
95646,-21.8235680685441,-48.16724384909088,rio de janeiro,RJ
95329,-22.30791045701871,-43.56485506538038,recife,PE
95329,-25.88597669053418,-47.70607153318987,recife,PE
95329,-25.102882286214637,-43.35864430395209,recife,PE
95329,-22.34671940530368,-46.46047144631206,recife,PE
35522,-24.19309283248268,-48.71350332028689,curitiba,PR
35522,-23.481046737479343,-44.23660534816337,curitiba,PR
66612,-25.33485262825991,-43.569118686028006,recife,PE
24416,-21.688734033245886,-47.25236807334845,sao paulo,SP
24416,-25.990613984399605,-46.8831037622438,sao paulo,SP
67542,-22.013772189547947,-48.48631627007643,florianopolis,SC
67542,-20.15207305428667,-48.593924062546925,florianopolis,SC
14947,-20.760011368834896,-48.73879344899934,sao paulo,SP
14947,-23.678712070835854,-46.76018567739501,sao paulo,SP
14947,-21.51610045062413,-46.8574367409116,sao paulo,SP
14947,-25.594642653548608,-47.55324445368613,sao paulo,SP
82959,-25.199542460843816,-46.886205723314866,rio de janeiro,RJ
82959,-23.968716450921796,-45.143226302783674,rio de janeiro,RJ
82959,-21.017698059418386,-44.8919046015461,rio de janeiro,RJ
40117,-21.131013908914362,-48.62139677780665,recife,PE
40117,-21.34285760177947,-46.25392253531588,recife,PE
84748,-25.73716234604526,-47.80318099770887,curitiba,PR
84748,-25.74856434841771,-43.399774120297614,curitiba,PR
67540,-24.480117408784295,-44.48025448708681,florianopolis,SC
67540,-24.853379415596535,-46.85815494378782,florianopolis,SC
67540,-21.31495059812945,-43.805210337531655,florianopolis,SC
67540,-24.008451881711935,-48.2531499505337,florianopolis,SC
80818,-20.663080897926314,-44.54015376688227,salvador,BA
80818,-20.63217503026968,-46.68013139043585,salvador,BA
80818,-20.157658494108148,-46.02278064077787,salvador,BA
80818,-23.014859645038236,-43.45413720023822,salvador,BA
27071,-21.637512053944185,-48.52643796366719,curitiba,PR
21032,-24.072731430712437,-48.519586533550026,belo horizonte,MG
21032,-22.034484671251178,-47.16102486345549,belo horizonte,MG
21032,-22.3842702336164,-46.44330356270173,belo horizonte,MG
50009,-23.317222041978457,-44.63911362573339,recife,PE
50009,-20.53035661492232,-45.31089110680742,recife,PE
50009,-23.390356975441186,-45.16318413704512,recife,PE
22174,-21.972896666637993,-46.562738610954085,sao paulo,SP
71697,-25.143323189824702,-45.35456258007487,belo horizonte,MG
70514,-25.242619854186476,-47.58402771747789,recife,PE
01074,-23.702873589867334,-45.59653214965528,salvador,BA
01074,-22.369431026871286,-44.92562765851963,salvador,BA
01074,-20.30705882440666,-46.7679197291759,salvador,BA
79504,-22.82324071078226,-46.6117957242853,rio de janeiro,RJ
79504,-22.10263557976381,-47.50233008143961,rio de janeiro,RJ
43487,-21.585950843123435,-46.005736238461196,rio de janeiro,RJ
65042,-24.429339940475025,-47.43826137316058,florianopolis,SC
03552,-20.021809327071438,-47.28653873381105,recife,PE
03552,-20.50112654274871,-46.05279882847466,recife,PE
15662,-20.883042257694065,-46.287743888527615,rio de janeiro,RJ
15662,-20.60792581528262,-46.329332843545274,rio de janeiro,RJ
48576,-21.99296125706619,-44.74275707908247,rio de janeiro,RJ
48576,-22.70001711507866,-47.25782630333312,rio de janeiro,RJ
48576,-24.20025993057957,-48.05496850407977,rio de janeiro,RJ
41306,-22.947465528954197,-48.27182526952926,belo horizonte,MG
41306,-24.794117772933884,-48.16673876776981,belo horizonte,MG
41306,-21.257761635153507,-48.84229583915041,belo horizonte,MG
