product_id,product_category_name,product_name_lenght,product_description_lenght,product_photos_qty,product_weight_g,product_length_cm,product_height_cm,product_width_cm
f48f709c49a224410ac4de854a5b1aff,beleza_saude,35,1966,1,4927,30,28,24
ec8be53758ab4778143b45e3b6d1f6bb,esporte_lazer,42,370,5,7933,34,19,22
bf51936241a64feda7edc8d8713f8f8c,informatica_acessorios,40,1425,1,4230,60,7,25
d3f4a49b33baba8836c7d6fa7aa4f052,moveis_decoracao,30,454,6,1202,17,18,49
8fe069b6eedaa8024568f42689e03e22,telefonia,60,1331,1,7995,34,38,32
1bf645f6232452114588fc1bb2384849,brinquedos,25,1740,6,4186,26,28,19
3d4196fe963a8617bdab07e79d9d028e,relogios_presentes,60,117,1,135,44,29,16
e7ba26acab7a3d1c0cfef6833e11bafe,brinquedos,41,558,1,4444,56,35,17
3b9b2d45a35055e439c59df987f255d6,telefonia,48,616,6,6131,28,34,15
548e1f6b69ce1e4e19a692c90d700ea4,moveis_decoracao,20,1345,1,497,11,7,41
ae62990c19bd4f9378ef7666b7a4c719,beleza_saude,36,1748,4,4632,43,7,49
f6eab3a00153922123310a28c550eca8,brinquedos,33,725,4,7762,59,25,10
286ed390edd97a1afa585b278ce3e7c3,moveis_decoracao,35,1559,4,3645,33,11,44
e1721c83ef5e4376a723fb72682b163a,brinquedos,24,1552,1,6971,42,38,12
a689b4247a3a10e179c773a0e0decc3d,relogios_presentes,42,1416,5,4893,42,22,40
4988e418f6c31218c1836315330f8be1,esporte_lazer,36,663,3,4056,38,21,33
0f25477da55990e74910fade52380bf2,relogios_presentes,26,967,4,7672,41,39,49
a6fd0cb116e6e5c0c4cb294fe86e8e63,esporte_lazer,20,1933,6,4264,12,16,30
bd1a8f4b88ffbd403b72c86d92fa675f,telefonia,23,871,2,6498,28,29,41
098c60b3efc9909ed9af6e09b91e3d6e,esporte_lazer,44,1844,2,7646,51,29,46
6afa828c2cd10b9febe5841fe9c96c52,telefonia,48,814,6,7556,22,28,27
ef158d5b2d007d05d66d4627e1dace6a,brinquedos,46,1040,6,1551,30,9,41
d61169a1ff46a6bf094d916deb6d2fed,telefonia,30,616,6,5767,42,38,21
2fb21e667ed17aabc9b7c9bc65a16fa9,relogios_presentes,46,546,1,4839,15,21,42
df4e713ef64e3dfcbfbeac7aefc59738,telefonia,51,1055,3,1522,16,29,27
0997623ae0723d964a1a81f5ed10f004,telefonia,44,718,4,6084,20,19,35
9a4ffc0c9165f2ed4c636e95025f5543,telefonia,42,1486,6,6778,59,38,24
55c551fcfba57cc8edaf37661b780ede,beleza_saude,54,1166,1,1151,44,30,46
a42d0cd7fd359f6a7450388748d90846,informatica_acessorios,44,1788,6,948,44,27,18
e3a68a707e710b558639bd418b15bd94,moveis_decoracao,26,1377,5,3273,10,27,13
811414f8d9df0d0e225aed6cf0458043,moveis_decoracao,50,913,3,5486,50,36,43
cf0e6d2b315c167a45d8a6ad77d0359e,telefonia,56,1297,5,5019,14,35,37
bb2aa1462999394c54a7b69b1cd66b09,telefonia,34,309,5,5065,23,5,40
b7f60cdf41dc1c60a5f60735757b6b29,beleza_saude,30,115,6,7331,52,37,44
564cfbd2bc92fd81039b058c2faabe0b,moveis_decoracao,48,1147,2,2736,50,13,12
aca58d95915a1c304b86b5a1ca6fbff8,brinquedos,24,1456,4,4229,59,33,42
9c6783932ced3c0d317304b5c1dd484a,cama_mesa_banho,22,1827,1,7320,23,15,32
67ce378fe5a4983ba383889adb2c6ac8,telefonia,38,1819,5,3251,53,19,35
53f3007383e96ef46d7df5d0d3b59af7,relogios_presentes,21,866,6,3529,37,9,21
186b2880ab545a15669d01ff1634725b,informatica_acessorios,40,1249,5,5088,16,37,39
7a3a6e9623ff23d3fb4fb88a2f4dd219,cama_mesa_banho,36,1425,1,7603,23,22,17
01bf9e733f800385ef9240b652d78f10,brinquedos,26,1316,3,5773,44,18,43
725d42593c4b1eec6231ee7342c2d2eb,beleza_saude,24,1347,1,6345,54,14,39
546252e7f43ba0524459bd6ec0f63229,beleza_saude,41,678,1,2133,57,16,30
92a81713b90ed44b951c25d54d4c5280,informatica_acessorios,30,711,4,2341,59,15,10
5c0b9b10a757cb1042f525b902ed73ce,brinquedos,44,1501,2,3359,37,28,10
aaf407f70fe761493c7e5368b1594847,relogios_presentes,30,321,5,7993,51,12,23
28e333b64e8adc4b772420411e43fbd2,esporte_lazer,24,1086,2,2908,14,19,34
ec50ace480a52e65afa2855967c96204,informatica_acessorios,55,230,3,2509,57,31,47
c5144d98b41c504fe346f415e5267a2b,brinquedos,25,788,5,3809,53,26,16
a38295d31e0ef546b0b6dedf4f9c4027,esporte_lazer,41,666,2,6692,19,12,30
5e175b664b87959ff0cd7f05ea87855e,moveis_decoracao,58,1411,3,1192,11,35,33
f51594943818cfd33889936a9d5817e8,moveis_decoracao,59,765,6,1231,39,35,49
74797b6127372b527a6a210722319050,beleza_saude,50,1864,4,3481,55,35,26
5fa5e0aa9b11b530fd247c11bf6b8cdf,relogios_presentes,21,667,3,5035,31,18,21
e9ad0e9b8c9aa1e9b3b263376a74dbb7,moveis_decoracao,47,634,2,5834,12,15,45
cd4f8b2b899ac252c1e1b94a78883058,esporte_lazer,30,1443,1,7361,15,31,26
c3093b6e37e9d2e2d35ac07aaa0217d0,esporte_lazer,58,1556,5,6231,14,6,25
98874bfec1369c65ae2ae3413f59e4f2,brinquedos,47,1927,4,4296,13,20,27
86879aa914f573d0c9912032df85c777,relogios_presentes,30,1434,2,2548,21,7,40
5c9deee0b42a045687365a84725e134d,moveis_decoracao,23,711,6,7006,60,13,49
1cb9b73a906d5c8cead08c8913fe8a29,relogios_presentes,26,485,4,5846,26,15,31
e723ada38c32bdb2d42a895e0fcf601f,beleza_saude,41,407,3,4587,45,13,33
89628f6e929c93b333c08bf18167999f,moveis_decoracao,33,1159,2,7150,14,37,21
dabf984e53ff84612a1f1b61265cb9d9,brinquedos,32,1667,1,2671,46,7,41
ae27d4321dc1e7eb711c767385351a69,telefonia,46,592,1,5931,24,14,37
7d23d47995492a82b787ef8d3495311e,cama_mesa_banho,55,1942,6,6136,26,8,23
720b274b82a7f586e61d9cde1747f387,beleza_saude,54,216,1,7763,36,15,36
21c71aa3741423b50e3e25f2cf0671c7,telefonia,36,1749,1,4634,34,21,33
905c7bdd74f0beae6a5943ce836435e3,brinquedos,38,1855,5,5282,38,16,33
ac3a812f765e6cb58f0d55400ec7d662,relogios_presentes,39,1743,6,1880,50,38,35
0592bfa5b928e23f4ee4334ece920136,relogios_presentes,35,1758,4,1745,35,30,27
00c59f30d103142441241bb4655ce508,telefonia,26,1328,2,1817,37,6,38
12b2102d940c350337c86152beed0af9,moveis_decoracao,23,927,1,5213,30,23,21
b34c6c7358330b306c776e950b981ccd,esporte_lazer,45,1452,5,5952,11,10,46
0f6ce9bffe7ee3628a89b0f0105291d3,telefonia,56,754,1,2480,34,18,18
fc737d9211ab3d11e4eb8000ef40d162,cama_mesa_banho,55,1494,6,5724,53,33,46
497ec6d1081fc6dc78d9a88aef0bea4f,telefonia,51,386,6,2928,17,35,24
22ab7752c4db5a622e13418d68ab80ea,,29,1577,1,7646,44,35,16
bab2b77dfa740cc8a43afb7ac40d4874,esporte_lazer,23,152,3,5608,10,15,27
5fdcabbf6b9cd71cf6ba745ba55871e3,cama_mesa_banho,43,1442,6,1186,51,19,25
72d3545861ea2f30e42e707afe2bd987,relogios_presentes,20,1118,2,5919,56,31,45
60a399d4e821e716eac80da1de9f6f5b,esporte_lazer,47,705,4,5425,49,14,37
f6d22a7baec76a82148b4376602a4e57,moveis_decoracao,25,631,3,7950,14,16,34
220b9ea98a0f9508dfe2c0a0a96b3c42,moveis_decoracao,38,1957,3,1556,58,37,22
1e5ebe5459077299dc3bbdd8a74e02a9,brinquedos,60,957,4,4227,57,21,19
649f7d888989c5abfe2b34d82db0728d,brinquedos,58,928,1,4544,47,15,19
fa8dae42ba54e9202099d18087623997,esporte_lazer,50,895,1,5787,12,26,40
c194f97f00e3a026d5b6de85390239d9,moveis_decoracao,32,1608,2,5317,54,34,10
76876c624c61845efa7e5d9405d1fb63,informatica_acessorios,26,172,1,2740,14,9,21
6c93a7918b60c511b8168aebac6a7c85,beleza_saude,21,1294,3,5919,32,19,36
3acb43a3d2c7bffb6118433b882ccd1e,cama_mesa_banho,33,1550,3,1045,42,29,41
27b608dc589decb075eb89c23f5cf2f3,beleza_saude,30,1271,6,6332,16,29,18
e00da49deffa20023040413c4690fb15,informatica_acessorios,60,1771,3,2985,28,13,50
083f64c31ce362f8c3f725feb99b2b5a,telefonia,38,488,4,4706,60,11,43
9d6b9b626b535a19a902b73fcf39f648,,25,802,6,4035,53,6,44
e39836bbe23ddfaaefad49e9c41c147e,beleza_saude,50,1587,1,4874,29,17,30
1139fa1234c1c3ea3d9c4e6404015ced,relogios_presentes,27,1560,1,4774,48,38,41
7249f62c08987462980cb95c19d45deb,telefonia,39,555,1,7822,15,37,29
df495037b40a9181ac09bdb799086e47,relogios_presentes,45,1505,1,5565,28,31,26
0b531932bd9419aa3ea6e5b20c760d28,beleza_saude,50,1194,2,5917,58,14,45
8a2db2e63bfda8a6705fddf566fadca0,brinquedos,51,1407,6,3519,38,11,46
c6ac1b04dd1d6cd1c11f6bf5379ef467,esporte_lazer,36,1707,6,5623,34,16,13
fe54ee4b80ff517323dfecd70e731dd7,esporte_lazer,25,1074,2,6226,35,35,35
ea98fef8d0d75e373bf2025f4a0d2b73,esporte_lazer,54,1956,3,7422,52,7,16
93d563ae51a3ac26937bf79bbb44badc,cama_mesa_banho,44,1475,3,6992,11,39,20
d18183d1ac2b0cfcc5c51060991121e7,esporte_lazer,31,834,4,4473,40,37,13
e05277394d406f1b3ca5be2952171bf3,informatica_acessorios,43,1138,5,2442,20,12,23
8570b59fa903ae67fc568b5324acb722,esporte_lazer,44,714,3,7288,44,10,26
46707cd64ceda16469df14e9389641dd,telefonia,43,1831,6,7041,24,35,40
97777f10f2d2393f8e85140d0f9aeb70,beleza_saude,31,448,1,3560,18,13,50
2cd58759e95d2761bc36dc59e134edfc,esporte_lazer,48,1821,3,6721,57,39,16
8e4c3ab56d5d0477adc29178a0411612,relogios_presentes,22,1446,3,204,35,5,38
582b91eef8e8035b0c00988a7ee1011a,relogios_presentes,36,1895,2,4382,60,32,31
61935990abdd1a8fa4b05c89f10bce9c,esporte_lazer,48,1243,1,972,44,38,26
b2414482519894d886433603c92a7d7c,beleza_saude,49,470,4,307,28,31,33
4cc57e0d263320186883ac6e6a944054,moveis_decoracao,36,701,4,3220,50,28,33
89b5aab0c12169db2f12b150605fb1eb,cama_mesa_banho,34,299,4,1290,19,7,45
39b02e2ad96e684f3db0174e7938878a,moveis_decoracao,37,1064,3,534,29,38,45
24f43c62b523c0dedb87d29c4cfd0fc1,informatica_acessorios,56,362,4,5590,53,32,26
0ec0713dea2c7a517688d11fce4758be,moveis_decoracao,23,1617,6,563,60,19,32
6aa0426df7c0d5f769a53b4f8ff8869d,informatica_acessorios,29,629,4,1737,56,35,11
636f6e5c2253e70687ad8b268eaa5841,beleza_saude,26,1585,4,2287,51,29,36
548c1d84340de049414765063e2bf9c9,beleza_saude,25,1755,6,6245,33,27,17
73253aa3ec170298143df5b3a58e83dd,cama_mesa_banho,42,1244,2,6535,10,11,32
891f691217abb8635efeef4fd8ddbbc0,brinquedos,54,1662,1,1418,45,32,48
0d31812e30c36756d453f867b97e6224,relogios_presentes,46,1969,2,2447,45,13,22
9adf4709ac75c344608e149e44b9e602,esporte_lazer,57,474,6,5698,19,21,46
12a1fe7ddfa597220a1fc9df9a591974,beleza_saude,34,1492,6,2152,17,35,46
966be275c2fe8954cdfd9531302b7831,,55,1942,1,1299,12,19,44
378e65108f10d33eabe42e7db96c1163,moveis_decoracao,23,787,2,6976,10,10,21
e8334da5de95d6953579c1437ab99428,cama_mesa_banho,44,1440,1,608,46,23,28
e8b3d763f4ff3f3a4d9dbaeb553d2625,relogios_presentes,53,282,4,5757,48,39,32
30a5648eefe9b3d0363908bf03ece8ff,relogios_presentes,46,555,5,6525,35,31,30
bf337a151e086f20bdd151b0f64ab6ec,relogios_presentes,54,827,4,2517,44,21,42
ea18d32c7a9a8ef5c11bd1c4ffe3f366,esporte_lazer,50,557,5,1771,45,17,41
b42a2d939aba0f15b21490623e1a963e,moveis_decoracao,56,1624,6,6273,15,5,38
3d44cb2cea45ba416589ada1345af934,informatica_acessorios,35,1884,4,4533,29,5,15
48769153c68813fe52555c758d55119e,esporte_lazer,50,728,2,364,23,38,34
a6129a1c889d4b76775c30b561730c48,relogios_presentes,39,961,5,3038,57,12,49
5c11ab6d42f5b3f54ef4c34d5bf86f3c,beleza_saude,25,1714,4,6768,57,38,28
774c0afa7f4d908ce1fff6c08347f1da,relogios_presentes,45,1916,3,3807,56,5,39
b8f0188efb37afaecd8563ca193e638d,informatica_acessorios,22,778,5,939,32,29,50
51facefad6f89f7ac2fa1da878308631,beleza_saude,52,861,1,5147,23,18,19
501ba8515ee68495340029c3ea11905b,beleza_saude,56,633,6,7210,36,25,20
dd34aa1890019ed40bb401e769f753f1,cama_mesa_banho,53,1299,6,5633,51,31,50
0426fcc9255b30e2bdc2b74b38a56b49,esporte_lazer,56,702,2,6157,42,28,31
95831d58ef4c51198da5d39b42c21797,esporte_lazer,59,1049,4,4702,19,11,36
4b91b8cb6ae66582b852b3cd9442b5e6,esporte_lazer,29,1843,4,7184,20,14,50
3ae2802354720d2d32399ffb27046f25,brinquedos,27,341,1,1937,21,32,49
3ee82983d557424191ddb9bf613d2de9,moveis_decoracao,48,1063,4,6181,24,21,46
f186e47aa79463208cf6e8b87fd238c3,esporte_lazer,31,209,4,5401,49,21,35
c36b9a0a41e02a89566a9ce7af521b94,moveis_decoracao,30,1874,1,4697,26,39,14
b93b17fbf76d15fd7d1645a0d253d966,beleza_saude,33,1399,1,3285,22,32,15
75f8e3a87d97ac0fbd5609c4a4461663,cama_mesa_banho,32,1295,3,2046,17,28,20
5a2837b2cb8383f2bb96f6022b115c36,relogios_presentes,28,1288,6,4285,21,22,31
8bea75c1b86677aa23d4526b2b54ff7a,beleza_saude,22,1371,3,6525,52,30,24
e3ad64d4eab9eb022f1dc1217d024c6d,beleza_saude,47,245,1,6627,46,18,30
f50d7a37a44d9fecfd85d7fa8ac97b01,brinquedos,25,1067,6,6643,13,31,30
d6cd315508a8ac7f862138ad0f09105c,esporte_lazer,47,1921,6,5802,58,40,28
d1682e09f1f7d90413075157d8c128e7,moveis_decoracao,32,498,5,2456,45,40,27
01a25ed1c3abb5f10c6b7074ab102c9b,beleza_saude,60,1124,6,5776,39,35,48
a175a9c3d7b102a92332a50e6992896e,cama_mesa_banho,29,345,5,5543,51,16,35
26a9e100b509109b116658ce3b3f3800,cama_mesa_banho,58,1876,6,484,45,28,27
74bd0c938177b66137fe032c02571851,telefonia,36,1494,5,7689,14,40,38
a3422e509e2a73240f79a8a75f8a14bd,esporte_lazer,40,881,2,3225,28,40,33
e9aa144b9dd43675ef145064aab07015,cama_mesa_banho,24,1185,6,3274,52,35,47
0406ff447ce40679a8c6dbc07bb3447b,relogios_presentes,25,711,3,3512,14,21,43
694d7b008d388327883f13c601b158e9,informatica_acessorios,44,946,5,7937,26,24,38
b8e19f568787ea2104482a220308aa5e,brinquedos,55,210,5,6556,16,27,36
49646b96fa3c1628892621df465568b7,beleza_saude,45,1883,6,5712,22,30,20
b2a6e468d02b124380913ac10463750e,beleza_saude,55,1849,6,2661,56,13,21
f090f5a0ce6101996e3a0ba8ac8d6c7d,cama_mesa_banho,40,408,5,4623,47,12,11
eb053fc41b656dab2de46e91e8e6e840,cama_mesa_banho,37,381,1,540,41,19,18
3db02235261e2555863e1f2a18a806ef,beleza_saude,53,510,4,206,31,33,25
409e7a8086c5d1d69ea9f50831227592,moveis_decoracao,49,801,6,6192,32,15,26
cb80f288446f64dd5abca6e5d0b1e3eb,moveis_decoracao,20,938,6,2158,18,11,15
f5948a545f804eeb143a9aff659b0105,telefonia,59,1266,2,1763,52,18,23
3e42df5b90a3fbbf7580e05067f1698c,,57,1928,4,5183,51,37,20
4ccb235539d1c7ffb27e1442fd7fe973,moveis_decoracao,53,1956,3,7217,25,30,35
14a34f7fd90dd19bd3fbe043af1d5a1a,informatica_acessorios,46,1037,6,6497,16,26,16
a65f7b8adbb44021fdde64afa75b395a,telefonia,27,393,6,7148,28,40,16
67c0518b17efa621081c79d4c27437eb,informatica_acessorios,46,747,6,7228,49,8,14
79db78628d7dd772608e2f5c61177270,informatica_acessorios,29,1866,4,3729,14,15,40
b3eda8f1026b5383a301ec030e5d8c6a,relogios_presentes,29,1565,2,6899,22,29,45
d867888b7ff6b824152aeaec2bdfcb41,brinquedos,56,469,5,1947,30,5,13
54ce26bec8cce2c2a518a4186f14b3f6,cama_mesa_banho,57,1695,5,7566,41,10,11
f94d8fcbdba3496ffa323f6990dbfad6,cama_mesa_banho,57,265,1,5291,38,14,35
eb4d8f42873570a2e51109611869a217,relogios_presentes,26,1098,1,5872,31,35,43
e6b9d31a361f6d903ad1fa330ae4ac11,moveis_decoracao,26,781,6,5912,49,32,15
9118c400e336c243b139c476de3ce88b,informatica_acessorios,56,1392,2,5405,52,10,16
ec95b3ac0beb7c3445667c4879ba630a,cama_mesa_banho,26,462,5,3112,29,9,26
47c68688ecf32053af36b8cc13087974,esporte_lazer,38,741,4,6285,54,21,49
a879d8f890422eb78b040f53e63949d4,beleza_saude,54,1399,4,4920,47,19,19
d9b59f84edc3a1c32dea2d2d086c405f,informatica_acessorios,42,218,2,4577,19,28,15
3508507af622d84204022b3c508211a5,relogios_presentes,46,109,1,6149,46,10,34
d218c9d6c093bfb024e9bcfd9647ff9f,brinquedos,36,1025,4,5042,46,7,29
edcabf9465f6ba53d226a8b3b674410d,beleza_saude,44,660,3,1709,33,29,24
905f9096299656e24c9d690713b22cec,esporte_lazer,51,528,2,6458,30,30,25
d9750f00d5aba8ae9112fbc03d8f95f4,relogios_presentes,56,1658,3,6038,37,38,28
8a624cbde582b678ad5229dd639fc471,cama_mesa_banho,58,1684,3,7999,20,23,38
bd5ff093c16f9bcc6243bed754ec3f33,esporte_lazer,50,445,1,1685,10,8,50
b076a7dcfd0ce433ca5e151b23d3cd4c,moveis_decoracao,22,1280,5,2509,30,16,18
bed63da08033f5c21413d64db962c8a7,relogios_presentes,31,1665,2,3776,25,36,18
1901ef870dbf0caf588a3f87f96d40f8,brinquedos,37,424,5,1553,60,33,43
1375ee90d6b361e43b6dca0d6fe5040b,moveis_decoracao,45,1102,6,5692,24,5,20
9d264599c4dd8df59aec56a857311609,informatica_acessorios,29,1708,4,710,55,17,11
f80b2cea658e54a29879cf35f4719986,beleza_saude,59,1663,4,1631,57,38,12
a255e1bb07958c1f538d6b8cc607b1e9,esporte_lazer,58,1696,2,7984,51,23,32
735741e5fe1a1ba9c8969c5b45f8c28d,brinquedos,45,280,1,1523,37,17,30
8d93e14a5b1671583a67470c7d98302f,brinquedos,22,365,4,6121,27,7,40
2f8c83e56e8d9644601bfbcbf0eebcce,informatica_acessorios,45,1358,4,4309,33,37,39
614c721da921cb4c95fbe976ae007b7e,telefonia,41,988,5,1077,18,38,44
4b9dfd589e5d9c7ac5acc35415f00cb4,beleza_saude,35,1397,4,3190,53,19,27
12d15585b68e47fa3f175534cc4d5819,moveis_decoracao,23,979,1,432,56,15,45
6147adeb277b06674499d0a615007170,cama_mesa_banho,50,926,4,3610,31,7,38
277eb0aaa247541dc8ad0899b630794d,brinquedos,37,978,4,2386,40,28,18
5c56d9bc5111d31d63be441dbd5a0c9e,informatica_acessorios,43,1077,3,4659,39,20,44
f165d77901547950176de21f1b46ebdc,relogios_presentes,21,885,1,2264,38,5,21
c2e79a985c238d8d71da35b94eea9db8,moveis_decoracao,41,109,4,1165,32,15,47
16591c8921ebfaa91a2bd69c450f69ee,esporte_lazer,39,177,6,1418,59,10,48
8e96922772e76b516e54ac6d2ff8e87e,relogios_presentes,39,1193,6,4884,29,22,39
1a7167c768759545832f52c48e0370cf,informatica_acessorios,37,508,1,7030,41,30,50
8de1596c5a9a206a16f142a206b919aa,beleza_saude,51,1596,1,2189,45,27,50
c8d0f9e5991965ea98d00c2c17d30f32,esporte_lazer,26,864,4,146,16,30,46
0328c136629ef3d8dd1ca267530ddda6,cama_mesa_banho,34,128,4,2807,21,30,37
c777a07f6346d4ef69ef74e34ab6821c,informatica_acessorios,28,1926,1,3920,51,17,43
8f3dc97fe6b0da0ab98f5dbe15aede0f,relogios_presentes,39,759,5,5913,48,38,50
3e245fbffa698cd2fe2390f3e7bbaefc,beleza_saude,48,1650,5,7779,15,5,50
af70de702b69c95e85671b58926bffa5,moveis_decoracao,40,1806,1,1368,27,9,44
44d7df9a238b05b72b64777c6177a771,beleza_saude,37,1187,1,427,18,10,29
255bfc1c7e3d5ee444b64ec14d16f049,beleza_saude,46,490,5,1359,44,40,32
46a56fe86f46f1b12ace1aa9103246b3,telefonia,58,136,5,7707,22,23,40
c85cd7147bf695524cbc90446bcd5ce7,beleza_saude,25,1485,6,2742,26,40,44
f1b88d65406f64d65c72aebd13b11e59,brinquedos,32,108,3,4989,56,27,24
7eece88da002352ab88cddde3f2086c2,telefonia,48,1383,5,516,50,27,15
75366b9f320f72c09dde01889803b22e,relogios_presentes,33,1602,5,6437,14,22,38
01bb819c4dfe111722af711f1b628a9d,relogios_presentes,46,609,2,7738,56,19,29
d773f98d550c2fe9654c11d9f2e61828,relogios_presentes,51,563,6,5223,14,17,33
dcb9075ecdd7f460614077d39ec4ea48,esporte_lazer,53,1520,6,5143,11,34,36
6e3cdd4f55b145e470b27304545cd88d,esporte_lazer,43,1896,4,7007,42,30,26
a6aa59e5dc08bf29d2d33488d0c30018,telefonia,23,805,3,5522,50,5,19
4ce953a722d90db3982a2277f966d59f,cama_mesa_banho,52,739,3,2567,11,21,29
b1fead13f280df1d9a6c0db952171c88,informatica_acessorios,30,364,1,4118,47,16,10
2d79a2d1506e50c77aa061e9336b00cb,telefonia,24,310,2,6570,47,31,10
51b30182f7fe604f65f30779f6ee5cdb,telefonia,39,885,4,4791,35,37,43
a205e54fb1e8c09dbc20b9f24a9c589e,moveis_decoracao,52,1130,3,4606,59,11,18
c82f78fd936cd31cf7bf52447db2a7aa,relogios_presentes,45,1305,5,3033,47,40,32
47c1c01760452909536d47d73e0f84ce,informatica_acessorios,28,726,5,697,23,9,28
5d71a89864976593c92e8c93d105c8d6,cama_mesa_banho,53,442,5,6522,12,37,40
33261887905881dfee9bf3e11d27c09a,brinquedos,56,233,4,5897,45,23,44
2e0fb5b38bae591eff4cc10f979c30cf,telefonia,21,1787,6,2703,26,26,10
06e3f9498cd34c62c4829b71ae84b81c,brinquedos,31,193,6,4404,44,12,41
f166cdcf762cdfbcba2aa7baf3f81c31,esporte_lazer,32,710,3,1901,44,37,40
cc351e4f703e957f35ab8466b5578b00,informatica_acessorios,32,695,6,7939,40,21,29
11b461e9b15da72dd4cee27c4a94ae9f,moveis_decoracao,23,1033,4,1606,51,39,10
cb881c32cbb02a8bd908a121d1a7ba20,telefonia,35,1590,1,4364,59,21,37
23a13e207fd255eeac48436668bd80d7,informatica_acessorios,22,1165,1,658,19,33,28
40afbf3f3df519674d8670bda2224f96,beleza_saude,49,1321,6,6541,33,29,48
6c521d13b719bb682775ee42a89e22f2,informatica_acessorios,23,1173,2,4238,35,35,24
72f6095812ef61016082786fca00ef58,cama_mesa_banho,43,791,1,1405,24,20,10
950df1a07aaf20019912316afd9e8e20,informatica_acessorios,32,988,3,3507,59,26,45
ec6a37ad81b15db988cc4d49669b29b8,relogios_presentes,37,1918,3,4548,47,34,33
6b15c11bb113d50bdea050c6eb9ed274,esporte_lazer,43,1506,6,4499,56,34,22
f7eae66eca6caf9b096971018b2c550a,brinquedos,49,374,3,3404,28,6,36
cff2b1c4e53f9644b39e4df25c0a1feb,brinquedos,52,801,5,853,18,35,45
ea163354a35fc9c1980495628972abbd,cama_mesa_banho,45,1946,5,2962,39,12,37
3f8c1097c4da2c2e1bffa27915c1604f,brinquedos,60,1103,3,1912,42,21,35
2a9528c35ae1dbadaa2960fda85894df,esporte_lazer,27,835,6,7336,42,9,25
902f34650b5707209cd8758ba5a1c825,informatica_acessorios,21,1636,1,1847,15,29,20
a590fd3cad6ecc57a520c3d0fbcdbf5e,telefonia,35,485,1,5534,35,19,34
54e38579c0afd193f780ef2f664d5922,esporte_lazer,43,437,2,2818,33,19,34
1b1f2eb16e3255a8cbd5cc86f73936e9,beleza_saude,51,1957,4,2812,42,25,24
38d5101f423cad9d193e478302b34254,informatica_acessorios,58,1980,2,3055,10,31,26
8ed8a80d84cfee39bf31c29f82bbad84,,48,1762,6,2504,52,27,15
389589399342a09fb00ac64c949cd8d4,brinquedos,31,926,6,1889,25,38,37
768b4f7e64215e665fc64cd0721e8b1f,informatica_acessorios,50,139,6,7884,49,39,50
b0c07fcc96add4dfadf75924c5b8386b,brinquedos,57,567,4,6265,53,5,25
ff69723d584fc85b2697384d801e8690,brinquedos,55,559,1,5164,20,21,43
4ba172331ac3bf317b96e2d10649bcf6,esporte_lazer,42,1589,3,4445,58,20,49
15fa9483f633cc2deba900e16a7d5d96,esporte_lazer,42,368,5,3990,42,23,27
baeb286bf0d0270fd4d13d551db6b844,brinquedos,30,532,2,4698,18,10,28
57d337d34fd80bbb592c11072444d301,brinquedos,36,1603,2,6847,38,30,44
8567c80534f541c0c8c5eb2a7490adeb,relogios_presentes,25,144,1,6261,20,26,27
18fdd2b979e5c9aa592a35497ba109d0,brinquedos,38,1307,4,5419,21,9,36
73d39457b25f13dfb8d49848702ba49f,esporte_lazer,21,1133,2,172,46,40,22
0b7059334cde1b6b1132567c51a40d2a,relogios_presentes,44,446,4,1039,46,16,14
05c8234b1d763a66b5f59cb0cf685878,telefonia,23,352,2,5579,52,35,21
1bff3142a5e15b5557d3f4ddd963dc72,esporte_lazer,30,850,6,2934,19,25,18
ee0f65a82a131c1fccd015c1ad5900dd,brinquedos,56,1556,3,3750,57,27,28
84182d353e711433bd90b81afbe0e6b8,esporte_lazer,33,1432,1,2068,56,18,17
54bbbcf828fea7618d49fe3f2ca8f783,moveis_decoracao,34,1722,4,7509,40,22,50
76492e64f55dce6d6d268b378f5242d3,cama_mesa_banho,34,176,1,5361,32,16,39
a137f8e467b13040cc39b9253b5ae288,relogios_presentes,33,868,6,5127,12,17,49
a84554c3a3f66c612fb70dab2f383b43,cama_mesa_banho,37,1895,6,7625,24,36,38
bcc57be00779250a6544e3136ea05d13,brinquedos,46,1411,5,5188,58,17,27
7317591a3283daa4e212ab7c9d361cb6,informatica_acessorios,52,623,1,2097,41,20,49
0123a348638abdf66df72cd3979aa051,beleza_saude,21,1679,4,7955,24,20,41
47419b4834ae4abd36fce0acb4698db3,esporte_lazer,20,1195,4,426,14,21,22
cbc72f1acf08ea54b4299924c0986750,beleza_saude,50,1376,6,5691,26,18,30
