metric,value
KPI-01 customers with a delivered order,93104.0
KPI-01 customers with 2+ delivered orders,2789.0
KPI-01 repeat purchase rate (pct),3.0
KPI-02 cohort customers observable for 90 days,84198.0
"KPI-02 90-day repeat rate (pct), excl same-day",1.23
"KPI-02 90-day repeat rate (pct), incl same-day",2.18
KPI-03 on-time delivery rate (pct),93.2
KPI-04 avg delay of late orders (days),11.3
KPI-05 avg review score,4.156
"KPI-06 review gap, on-time minus late",2.021
KPI-08 average order value (BRL),159.81
