dimension,segment,customers,repeaters,repeat_rate_pct,low_sample
Customer state,SP,34716,472,1.3596036409724623,False
Customer state,RJ,10875,139,1.27816091954023,False
Customer state,MG,10003,115,1.1496551034689593,False
Customer state,RS,4737,51,1.0766307789740341,False
Customer state,PR,4307,35,0.812630601346645,False
Customer state,SC,3174,32,1.0081915563957151,False
Customer state,BA,2886,38,1.3167013167013166,False
Customer state,DF,1786,21,1.1758118701007838,False
Customer state,ES,1777,32,1.8007878446820484,False
Customer state,GO,1735,20,1.1527377521613833,False
Customer state,PE,1405,13,0.9252669039145908,False
Customer state,CE,1169,10,0.8554319931565441,False
Customer state,PA,849,4,0.4711425206124853,False
Customer state,MT,789,14,1.7743979721166032,False
Customer state,MA,652,3,0.4601226993865031,False
Customer state,MS,617,7,1.1345218800648298,False
Customer state,PB,452,5,1.1061946902654867,False
Customer state,PI,429,6,1.3986013986013985,False
Customer state,RN,427,4,0.936768149882904,False
Customer state,AL,365,3,0.821917808219178,False
Customer state,SE,289,3,1.0380622837370241,False
Customer state,TO,244,1,0.4098360655737705,False
Customer state,RO,218,3,1.3761467889908257,False
Customer state,AM,127,0,0.0,False
Customer state,AC,69,1,1.4492753623188406,True
Customer state,AP,64,1,1.5625,True
Customer state,RR,37,1,2.7027027027027026,True
Payment type,credit_card,64886,793,1.2221434515920229,False
Payment type,boleto,16946,203,1.1979228136433377,False
Payment type,voucher,1289,23,1.7843289371605897,False
Payment type,debit_card,1077,15,1.392757660167131,False
Product category,bed_bath_table,7992,140,1.7517517517517518,False
Product category,health_beauty,7339,84,1.1445701049189263,False
Product category,sports_leisure,6592,106,1.608009708737864,False
Product category,computers_accessories,5736,46,0.8019525801952581,False
Product category,furniture_decor,5404,80,1.4803849000740192,False
Product category,housewares,4744,53,1.1172006745362564,False
Product category,watches_gifts,4730,58,1.2262156448202959,False
Product category,telephony,3641,42,1.1535292502059873,False
Product category,toys,3449,39,1.1307625398666281,False
Product category,cool_stuff,3302,19,0.5754088431253785,False
Product category,auto,3216,39,1.212686567164179,False
Product category,garden_tools,3145,35,1.1128775834658187,False
Product category,perfumery,2676,35,1.3079222720478325,False
Product category,baby,2390,25,1.0460251046025104,False
Product category,electronics,2287,16,0.6996064713598601,False
Product category,stationery,1962,15,0.764525993883792,False
Product category,fashion_bags_accessories,1524,32,2.099737532808399,False
Product category,pet_shop,1401,21,1.4989293361884368,False
Product category,unknown,1266,13,1.0268562401263823,False
Product category,office_furniture,1167,8,0.6855184233076264,False
Product category,consoles_games,918,9,0.9803921568627451,False
Product category,luggage_accessories,899,8,0.8898776418242491,False
Product category,home_appliances,580,8,1.3793103448275863,False
Product category,small_appliances,560,7,1.25,False
Product category,musical_instruments,545,6,1.1009174311926606,False
Product category,construction_tools_construction,536,7,1.3059701492537314,False
Product category,books_general_interest,441,5,1.1337868480725624,False
Product category,home_construction,385,8,2.0779220779220777,False
Product category,furniture_living_room,335,8,2.388059701492537,False
Product category,home_confort,332,7,2.108433734939759,False
Product category,audio,301,3,0.9966777408637874,False
Product category,food,297,2,0.6734006734006734,False
Product category,market_place,248,4,1.6129032258064515,False
Product category,drinks,237,8,3.3755274261603376,False
Product category,fashion_shoes,219,1,0.45662100456621,False
Product category,books_technical,212,1,0.4716981132075472,False
Product category,industry_commerce_and_business,209,3,1.4354066985645932,False
Product category,air_conditioning,206,5,2.4271844660194173,False
Product category,kitchen_dining_laundry_garden_furniture,206,2,0.970873786407767,False
Product category,home_appliances_2,197,1,0.5076142131979695,False
Product category,fixed_telephony,187,2,1.0695187165775402,False
Product category,food_drink,187,2,1.0695187165775402,False
Product category,art,170,2,1.1764705882352942,False
Product category,computers,160,0,0.0,False
Product category,construction_tools_lights,157,3,1.910828025477707,False
Product category,costruction_tools_garden,153,3,1.9607843137254901,False
Product category,agro_industry_and_commerce,147,2,1.3605442176870748,False
Product category,construction_tools_safety,123,1,0.8130081300813008,False
Product category,signaling_and_security,113,0,0.0,False
Product category,fashion_underwear_beach,112,2,1.7857142857142858,False
Product category,christmas_supplies,105,0,0.0,False
Product category,fashion_male_clothing,93,2,2.150537634408602,True
Product category,costruction_tools_tools,76,0,0.0,True
Product category,tablets_printing_image,73,0,0.0,True
Product category,furniture_bedroom,68,1,1.4705882352941178,True
Product category,dvds_blu_ray,53,1,1.8867924528301887,True
Product category,cine_photo,52,1,1.9230769230769231,True
Product category,small_appliances_home_oven_and_coffee,46,0,0.0,True
Product category,books_imported,45,1,2.2222222222222223,True
Product category,furniture_mattress_and_upholstery,36,0,0.0,True
Product category,fashio_female_clothing,32,0,0.0,True
Product category,flowers,29,0,0.0,True
Product category,music,26,0,0.0,True
Product category,fashion_sport,23,0,0.0,True
Product category,party_supplies,23,0,0.0,True
Product category,home_comfort_2,20,1,5.0,True
Product category,diapers_and_hygiene,19,1,5.2631578947368425,True
Product category,la_cuisine,12,0,0.0,True
Product category,cds_dvds_musicals,12,0,0.0,True
Product category,fashion_childrens_clothes,7,0,0.0,True
Product category,arts_and_craftmanship,5,0,0.0,True
Product category,pc_gamer,4,0,0.0,True
Product category,security_and_services,2,0,0.0,True
Product category,portateis_cozinha_e_preparadores_de_alimentos,2,0,0.0,True
